geneid,log2FoldChange,pvalue,padj
Os03g0250400,7.322574219,7.90E-09,3.48E-07
Os12g0561900,7.194952424,4.63E-08,1.68E-06
Os02g0583700,6.867925497,0.078965068,0.231263223
Os05g0458500,6.752528434,8.88E-07,2.18E-05
Os02g0318450,6.732308675,9.56E-07,2.33E-05
Os12g0132500,6.702714556,1.04E-06,2.51E-05
Os08g0136800,6.555959666,NA,NA
Os01g0159200,6.352472397,1.71E-12,1.71E-10
Os05g0189900,6.171678441,2.30E-05,0.000363458
Os05g0135500,6.024999644,3.44E-05,0.000512352
Os02g0171500,6.022678395,5.40E-07,1.44E-05
Os01g0358100,6.01276109,5.70E-05,0.000790052
Os01g0605500,5.950873736,0.000144251,0.001703475
Os08g0101100,5.93654394,0.000113792,0.00138781
Os03g0250301,5.927492023,5.93E-19,2.27E-16
Os05g0435800,5.920105411,7.33E-05,0.00096319
Os11g0155975,5.883784434,6.90E-05,0.000919959
Os04g0656500,5.866313751,0.000116084,0.001412351
Os06g0727000,5.864557406,9.53E-05,0.001193465
Os02g0571300,5.860982432,9.24E-05,0.001164578
Os05g0386700,5.845680731,0.000104292,0.00129033
Os05g0400100,5.843510293,2.53E-05,0.000393235
Os05g0400500,5.835872566,0.000154522,0.001802973
Os04g0526300,5.835658298,0.000123887,0.001491714
Os01g0219600,5.829545584,5.56E-05,0.000773763
Os03g0134900,5.824204754,0.000135759,0.001617927
Os05g0163300,5.789183826,1.33E-30,3.42E-27
Os04g0629400,5.761078452,0.000146428,0.001722623
Os06g0671600,5.707954336,0.000281966,0.002982996
Os02g0549401,5.701356629,0.000176578,0.002018043
Os11g0592600,5.685922329,3.59E-27,4.84E-24
Os03g0341600,5.670557536,0.000379604,0.00381286
Os03g0273200,5.658870051,1.70E-89,4.35E-85
Os01g0892300,5.642880872,0.00046116,0.004460661
Os05g0190300,5.637928256,0.000309646,0.003216077
Os04g0376700,5.558490205,1.48E-06,3.39E-05
Os04g0212450,5.546857156,0.000382065,0.003832243
Os09g0468000,5.515545515,0.000405399,0.004016837
Os04g0483450,5.48509144,0.000623624,0.00571704
Os07g0142100,5.414260501,0.001169488,0.009474616
Os04g0138800,5.398042456,0.000612702,0.005653317
Os04g0433300,5.397677786,0.000880168,0.007570965
Os02g0768300,5.385666373,4.18E-06,8.40E-05
Os03g0283200,5.363823952,0.001028095,0.008583539
Os12g0560700,5.342217886,2.22E-08,8.63E-07
Os04g0110100,5.323629371,0.000982862,0.008267851
Os05g0454200,5.322040873,0.001477231,0.011411239
Os02g0208500,5.316416307,0.001205304,0.009699595
Os03g0622100,5.311811929,0.000951958,0.008052827
Os01g0274100,5.276406948,0.001107688,0.009099808
Os01g0220500,5.269451032,0.002666465,0.018317114
Os03g0108300,5.26547989,0.00036747,0.003717205
Os11g0270201,5.264169489,0.001428012,0.011114685
Os04g0171800,5.232679055,0.001510148,0.011602557
Os04g0529700,5.22820154,0.001588784,0.012090708
Os04g0325300,5.184621542,0.001618766,0.012278758
Os09g0371625,5.17328179,0.002171947,0.015610603
Os01g0273100,5.170140982,0.001753841,0.013125812
Os03g0174200,5.162483809,0.002738276,0.018714377
Os04g0581000,5.144778063,0.003600439,0.02341473
Os05g0456300,5.138652246,0.00220453,0.015787222
Os07g0241600,5.126925788,0.002270764,0.016144225
Os02g0455800,5.100173492,0.192795323,0.410385702
Os10g0159700,5.100108817,0.189106646,0.405785076
Os11g0701000,5.097145275,0.177186304,0.38943598
Os04g0177300,5.089174018,0.004934643,0.030112016
Os08g0509200,5.085493846,0.002459405,0.017170934
Os11g0643100,5.083017486,0.002431443,0.017012799
Os04g0208500,5.078096656,0.002265386,0.016119694
Os06g0192000,5.078064189,0.002860398,0.019407185
Os10g0186200,5.074671104,0.004385896,0.027349674
Os03g0426350,5.046342736,0.197574978,0.416732273
Os12g0634700,5.032013401,0.003158104,0.021051016
Os10g0552600,5.032013401,0.003158104,0.021051016
Os12g0485150,5.01317055,0.000638573,0.005829053
Os11g0539500,5.005259076,0.005867671,0.034546725
Os07g0539400,4.994503953,0.202259801,0.422303037
Os09g0132200,4.980784174,0.003864713,0.024781168
Os01g0128100,4.971071837,0.003254903,0.021517125
Os04g0540600,4.969384488,0.003321363,0.021871828
Os03g0803200,4.952636814,0.000620675,0.005700198
Os05g0588225,4.950772758,0.005621942,0.033422511
Os07g0106900,4.941907871,6.05E-07,1.58E-05
Os02g0282000,4.931749584,0.188534407,0.40519531
Os08g0406500,4.926415072,0.007886153,0.043386451
Os01g0294700,4.921208153,0.005985857,0.035129553
Os04g0418100,4.919078979,0.004881616,0.029895233
Os04g0381700,4.91857514,0.004082119,0.02585813
Os12g0626200,4.867002761,0.009143921,0.048438983
Os04g0117300,4.857580045,0.005220654,0.031482421
Os02g0695200,4.834284112,0.000105992,0.001305067
Os02g0765600,4.819745417,NA,NA
Os01g0613500,4.80944331,0.009965794,0.05165963
Os10g0569100,4.794947521,0.006176172,0.035974549
Os04g0649500,4.794439639,0.008085,0.044058264
Os02g0538700,4.789891419,0.001427331,0.011114685
Os11g0201900,4.777317887,0.010903006,0.055200101
Os02g0724500,4.774521855,0.001333729,0.010534566
Os05g0106200,4.773139473,0.010042606,0.051973681
Os02g0658800,4.747812965,2.63E-15,4.64E-13
Os11g0150700,4.743298453,0.009350081,0.049315999
Os03g0784850,4.737497792,0.007930719,0.043532307
Os11g0635500,4.732644659,0.00945247,0.04978095
Os02g0318500,4.725200745,0.008121334,0.044190471
Os01g0110200,4.725055682,7.50E-35,3.20E-31
Os02g0230875,4.724939718,0.007872402,0.043342188
Os01g0211800,4.71025254,0.011327237,0.056752203
Os04g0530100,4.695587834,0.001827634,0.013546276
Os02g0743900,4.684572871,0.029585158,0.115840543
Os12g0274200,4.676899779,0.011466501,0.05724932
Os10g0498900,4.672001663,0.001900063,0.014006132
Os11g0143200,4.670216818,0.009626763,0.050350385
Os05g0341100,4.667246194,0.009545854,0.050070299
Os03g0798101,4.658562756,0.009442354,0.049756049
Os06g0290701,4.652187856,0.011171037,0.056166317
Os11g0249400,4.623139402,0.002354518,0.01662982
Os10g0537800,4.601404627,0.017256119,0.077353664
Os06g0681600,4.595655812,5.41E-16,1.18E-13
Os01g0802700,4.591806562,0.011373675,0.056908351
Os01g0132200,4.585489875,0.002696613,0.018492767
Os11g0209000,4.572873564,0.004908679,0.030025084
Os06g0291800,4.566757554,0.031001203,0.119702203
Os07g0192800,4.552580438,0.000267267,0.002855786
Os01g0949800,4.53146105,0.016557129,0.075087312
Os01g0310032,4.528437077,0.015213141,0.070463905
Os11g0244600,4.5168215,0.017402798,0.077847745
Os02g0722650,4.514217502,0.014506742,0.068028231
Os12g0493900,4.511843556,0.000523849,0.00496581
Os03g0124100,4.502741169,0.018452206,0.081405109
Os01g0195400,4.491407654,2.13E-23,1.71E-20
Os01g0237750,4.471707265,0.003797479,0.024429526
Os05g0503650,4.460327599,0.035161584,0.131237474
Os06g0281800,4.448651267,0.018962312,0.083054927
Os06g0493100,4.446954579,0.021121502,0.090319802
Os02g0659500,4.444824091,0.026651349,0.107271051
Os02g0219050,4.443735509,0.020264232,0.087324323
Os09g0395600,4.439300041,0.004156789,0.026227384
Os02g0507100,4.439220679,0.018174123,0.080524912
Os08g0414200,4.435320078,0.005267993,0.031685864
Os03g0641200,4.434907832,0.024082079,0.099500179
Os01g0871800,4.43220145,0.018959227,0.083054927
Os07g0691100,4.431477266,0.019592564,0.085044936
Os01g0892800,4.426505768,0.02102015,0.089961466
Os02g0172300,4.423672521,0.000544236,0.005111789
Os02g0787800,4.423236008,0.023023356,0.096394361
Os11g0525900,4.422418651,0.025666206,0.104288805
Os06g0207600,4.420690248,0.024389236,0.100438024
Os01g0159250,4.400234476,0.000592028,0.005498204
Os03g0739500,4.379941106,0.044788524,0.155608996
Os01g0721800,4.378364035,0.042237059,0.148886324
Os04g0688500,4.366360356,0.022954374,0.096151696
Os11g0125601,4.362703489,0.023682249,0.098302147
Os08g0393700,4.361981415,0.00611659,0.035700546
Os11g0514800,4.361948096,0.022630425,0.095168124
Os04g0140400,4.358226698,0.023906294,0.098990137
Os06g0644200,4.352698796,0.023763785,0.098559318
Os05g0215000,4.352698796,0.023763785,0.098559318
Os02g0491900,4.309832426,0.001058054,0.008787852
Os12g0223700,4.29518365,0.083293031,0.239988454
Os02g0618000,4.29406164,0.060355816,0.191849284
Os02g0585100,4.289817629,0.049330488,0.16688607
Os02g0791300,4.28754522,0.035308145,0.131567233
Os01g0281200,4.285786475,0.050435063,0.169624386
Os07g0284700,4.283412966,0.056272582,0.183025179
Os09g0437400,4.2815008,0.03006664,0.117135094
Os09g0316000,4.278850556,1.72E-29,4.00E-26
Os03g0168700,4.278733978,0.028453797,0.112667538
Os05g0543600,4.278017216,5.46E-16,1.18E-13
Os11g0156700,4.276843498,0.039906838,0.143292167
Os04g0174100,4.273629623,0.028649138,0.113178671
Os10g0416200,4.27246685,0.027535851,0.109916047
Os01g0253500,4.270095341,0.029328834,0.114977464
Os09g0545100,4.269295897,0.031464351,0.120943754
Os08g0526633,4.267616485,0.052088163,0.173647541
Os06g0191800,4.265358724,0.007544377,0.041887233
Os05g0160800,4.26295701,0.007021993,0.039771116
Os04g0472300,4.261968623,0.010144293,0.052351908
Os11g0153200,4.259047148,0.030778696,0.119130201
Os10g0371100,4.25411583,0.037631569,0.137218401
Os05g0161500,4.213220492,9.98E-05,0.001241348
Os12g0431100,4.210142724,0.131034884,0.322403192
Os03g0342100,4.202046267,0.095812871,0.262512102
Os10g0569400,4.192926822,0.059883944,0.190894039
Os08g0435750,4.188384226,0.03712606,0.136072241
Os01g0800000,4.185874574,0.038597301,0.139705981
Os03g0142200,4.185442229,0.035553886,0.132095173
Os02g0811400,4.18209272,0.037936689,0.138075536
Os11g0669100,4.179607711,0.03596501,0.133092353
Os11g0637600,4.177918774,0.034625443,0.129787026
Os03g0747100,4.17622963,0.036205621,0.133731676
Os12g0479300,4.174996157,0.03517259,0.131259435
Os03g0129800,4.174415495,0.010710453,0.054472796
Os06g0699301,4.17435396,0.010035261,0.051946162
Os06g0727800,4.169486691,0.038514236,0.139484137
Os10g0520100,4.168255811,0.037525294,0.136986838
Os05g0458600,4.16710981,4.40E-06,8.78E-05
Os07g0639500,4.160534218,0.04205715,0.14855678
Os03g0128000,4.158775462,1.16E-21,7.09E-19
Os05g0563600,4.156335064,6.10E-53,7.82E-49
Os04g0408600,4.155008135,3.09E-27,4.66E-24
Os09g0550400,4.15219312,0.067339275,0.206985074
Os08g0151300,4.140517984,9.39E-09,4.02E-07
Os10g0554900,4.129464684,7.93E-24,6.56E-21
Os03g0852400,4.122943975,2.22E-06,4.82E-05
Os07g0559000,4.118722365,0.011699298,0.058016472
Os09g0432700,4.101432405,0.013894018,0.065914907
Os10g0163340,4.091861601,0.074724806,0.222403728
Os11g0265000,4.087939171,0.046001743,0.158641005
Os01g0882800,4.085503362,0.073572185,0.220381119
Os09g0345500,4.085460728,0.029111411,0.11435255
Os07g0222200,4.082997558,0.045034877,0.156151663
Os02g0709600,4.082578467,0.045069971,0.156226712
Os01g0111700,4.082375011,0.022087241,0.093593649
Os12g0629300,4.076380904,0.000188455,0.002136631
Os08g0285200,4.076154033,0.014646338,0.068532342
Os07g0190400,4.075830615,0.045011973,0.156131284
Os08g0550850,4.070806681,0.052366169,0.174282682
Os11g0173366,4.067627104,0.052666062,0.175004863
Os02g0617400,4.067381754,0.018725,0.082226338
Os04g0588200,4.067163918,0.002483092,0.017308018
Os08g0477100,4.066475251,0.073848171,0.220872149
Os01g0653100,4.062214179,0.050994049,0.170935423
Os08g0550700,4.059951169,0.075514083,0.223998305
Os09g0422500,4.059610169,0.002289342,0.016258261
Os10g0104900,4.052083235,0.000375326,0.003783234
Os08g0454500,4.023192827,0.021546802,0.091929347
Os12g0242200,4.021756319,0.016760971,0.075703573
Os03g0861000,4.013078206,0.014286187,0.067252428
Os02g0226400,3.995536001,0.127964721,0.317822839
Os04g0453500,3.994203191,0.097200725,0.265180448
Os01g0834800,3.991075427,0.086160345,0.245380297
Os02g0212975,3.990996716,0.002881353,0.019526295
Os09g0491100,3.990755157,0.097692521,0.265899243
Os01g0248701,3.986346429,0.062986765,0.197516814
Os03g0799200,3.986115266,0.086834984,0.246643699
ENSRNA049473876,3.979979809,0.057415984,0.185613143
Os07g0197400,3.97901613,0.058221391,0.187530699
Os08g0517800,3.976200537,0.064089879,0.200143202
Os07g0531500,3.974210418,0.056166875,0.182820608
Os03g0833100,3.973702691,0.060371658,0.191852039
Os03g0275900,3.970413975,0.003287014,0.021684646
Os05g0250000,3.962506899,0.064399129,0.200741956
Os03g0143200,3.961317802,0.088599293,0.249689803
Os03g0611100,3.955634017,0.066377204,0.204740954
Os04g0161100,3.95484672,0.091174705,0.25442926
Os03g0100010,3.952158032,0.068500816,0.20957569
Os07g0558900,3.952031869,0.019366963,0.084365809
Os01g0842500,3.951428285,1.65E-07,5.09E-06
Os04g0626450,3.945738572,0.034514949,0.129503081
Os07g0668500,3.935259506,0.004036613,0.025641583
Os08g0214233,3.928948027,0.000160232,0.001857749
Os08g0551225,3.911683034,0.001502264,0.011566257
Os10g0113000,3.90747156,0.006053806,0.035455239
Os07g0664500,3.902211972,0.00794991,0.043598453
Os02g0261000,3.890213777,0.000920543,0.007838844
Os06g0285200,3.887438251,1.83E-08,7.24E-07
Os04g0393200,3.886945492,0.021523804,0.09185617
Os02g0653000,3.886161757,9.52E-06,0.00017011
Os04g0569300,3.884300992,1.88E-09,9.86E-08
Os04g0188433,3.880026438,0.148698045,0.348973256
Os07g0127600,3.874724835,0.040151204,0.143896648
Os10g0538200,3.873477534,0.087868695,0.248395803
Os10g0459300,3.87094656,0.104180822,0.277544728
Os08g0541900,3.870000204,0.109637061,0.286537797
Os09g0399800,3.869887551,0.106260638,0.281098114
Os03g0180600,3.869091742,0.076651578,0.22629835
Os11g0255500,3.869091742,0.076651578,0.22629835
Os08g0565900,3.868835418,0.109823174,0.286791601
Os03g0379500,3.86516244,0.106998773,0.282234874
Os02g0726000,3.864335834,0.071637524,0.216076313
Os11g0233201,3.859633163,0.070165087,0.213039461
Os02g0162200,3.858100287,0.072861232,0.218891235
Os01g0972200,3.85753819,0.074434874,0.221875846
Os08g0533900,3.85753819,0.074434874,0.221875846
Os04g0419400,3.855410724,0.108540586,0.284587548
gene-petE,3.855410724,0.108540586,0.284587548
Os10g0555900,3.851240918,1.73E-32,6.35E-29
Os02g0169275,3.850211055,0.073373195,0.220016546
Os03g0772100,3.847605235,0.072822557,0.218852028
Os10g0497700,3.840315577,0.107981147,0.283832676
Os09g0551000,3.837636712,0.049319187,0.166869869
Os04g0350201,3.83597633,0.111655741,0.289863733
Os02g0503500,3.832669356,0.112193405,0.290766265
Os06g0288000,3.828792077,0.11628246,0.297563715
Os07g0170900,3.826638537,0.000141925,0.001682802
Os08g0563400,3.820448416,0.160085522,0.365537582
Os07g0645300,3.819951877,0.005379104,0.032240649
Os04g0587100,3.804439489,0.008879032,0.047340433
Os02g0749250,3.770258066,0.02655892,0.106999877
Os03g0851100,3.754461786,0.173380308,0.383928258
Os11g0435800,3.75403616,0.032360206,0.12344284
Os01g0717400,3.752930341,0.136433593,0.330387851
Os01g0756900,3.752591303,4.46E-06,8.87E-05
Os04g0140666,3.751730146,0.00013626,0.001623152
Os02g0458100,3.751533705,0.037953723,0.138117915
Os03g0639400,3.747934436,0.007508214,0.041740715
Os04g0408801,3.744626341,0.127593543,0.317256608
Os06g0688300,3.743477442,0.131226102,0.322687756
Os01g0708201,3.742634435,0.095132207,0.261130029
Os07g0257200,3.742634435,0.095132207,0.261130029
Os08g0519300,3.741666023,0.008904768,0.047429256
Os01g0359400,3.739227047,0.100930472,0.271425428
Os05g0493600,3.738302832,0.128713063,0.31907017
Os02g0635800,3.735796233,0.091737048,0.255369547
Os04g0288500,3.734576358,0.00701355,0.039749657
Os01g0944700,3.731363707,0.000142743,0.001688597
Os01g0922100,3.730045449,0.099131302,0.268276442
Os04g0621100,3.730045449,0.099131302,0.268276442
Os10g0402200,3.729441401,0.002146069,0.015467999
Os07g0161700,3.727766038,0.127922371,0.317765866
Os02g0457250,3.727208411,0.091693807,0.255321714
Os11g0270000,3.726655279,0.097509793,0.265629458
Os05g0131401,3.724754935,0.129293909,0.31968521
Os03g0346150,3.722475892,0.128870827,0.31907017
Os09g0401000,3.720746277,0.054257272,0.178212291
Os09g0545000,3.71797293,0.099314233,0.26851626
Os05g0128300,3.716524456,0.129945293,0.320646016
Os11g0673400,3.711812372,0.133488166,0.325594219
Os08g0530066,3.711812372,0.133488166,0.325594219
Os12g0235650,3.711812372,0.133488166,0.325594219
Os05g0550250,3.708302003,0.032016751,0.12245831
Os03g0122100,3.70683358,0.031449696,0.120905562
Os01g0740150,3.706414357,0.137926897,0.33255866
Os03g0182000,3.704413973,1.05E-05,0.000184388
Os01g0277100,3.703132333,0.055191931,0.18040462
Os03g0732000,3.702733931,0.031553885,0.121142523
Os07g0283050,3.694551675,4.13E-13,4.66E-11
Os02g0653200,3.692404257,0.008000791,0.043776268
Os07g0125000,3.688767487,0.035731463,0.132501167
Os07g0125600,3.688767487,0.035731463,0.132501167
Os07g0126401,3.688767487,0.035731463,0.132501167
Os07g0474300,3.668698995,0.009499772,0.049961547
Os04g0496300,3.653368328,1.18E-06,2.77E-05
Os01g0941200,3.642010775,2.65E-25,2.71E-22
Os06g0234300,3.639295306,0.039174022,0.141393994
Os07g0282500,3.639114011,0.001401758,0.010940371
Os10g0578600,3.629406921,0.037101436,0.136001445
Os02g0824100,3.627875868,0.036763058,0.135167146
Os03g0366100,3.627547035,0.042315767,0.149100235
Os02g0678300,3.618389824,0.002173995,0.015620944
Os04g0436000,3.613172744,0.000610998,0.005643688
Os01g0114000,3.604977478,0.058489916,0.188116206
Os03g0251800,3.604463391,0.027259792,0.109068964
Os10g0555600,3.598584097,0.001910037,0.01406347
Os04g0522500,3.583700458,3.17E-05,0.000478517
Os12g0409700,3.569877302,0.053384844,0.176477854
Os07g0676900,3.560733326,0.077310215,0.227508859
Os08g0113900,3.556271846,2.55E-05,0.000396457
Os04g0185100,3.547565042,6.84E-06,0.000127864
Os07g0694400,3.543551476,0.050765757,0.17034717
Os11g0484300,3.536890864,2.89E-16,6.61E-14
Os12g0568900,3.519298386,0.003439873,0.022547929
Os01g0695700,3.497548911,9.47E-44,6.06E-40
Os02g0303500,3.492986827,0.058478142,0.188116206
Os01g0329900,3.487689314,1.31E-05,0.000224473
Os11g0247500,3.481890756,0.056091048,0.18263829
Os03g0817500,3.475049213,0.053889961,0.177506424
Os06g0291100,3.468443841,0.016934676,0.076273018
Os06g0688200,3.4671471,7.21E-06,0.000133776
Os04g0412700,3.46496855,0.057646602,0.186132823
Os05g0503500,3.461933659,1.04E-06,2.51E-05
Os04g0104900,3.459056163,0.000407284,0.004029278
Os10g0159600,3.455510214,5.68E-05,0.000788493
Os10g0207500,3.45522937,1.57E-06,3.55E-05
Os10g0577500,3.448601347,8.41E-14,1.08E-11
Os03g0111200,3.427815128,1.67E-27,3.06E-24
Os03g0103200,3.423840904,1.42E-05,0.000240004
Os03g0416200,3.417004303,1.91E-11,1.54E-09
Os05g0130600,3.411876451,0.000901266,0.007702852
Os04g0419600,3.405340835,0.024928107,0.102131897
Os07g0583500,3.402855187,0.005857606,0.034495387
Os02g0198700,3.394157545,0.094631741,0.260401171
Os01g0651150,3.386554585,0.036149687,0.133602111
Os05g0121100,3.382568817,0.004100049,0.025946049
Os03g0269300,3.38206115,7.27E-14,9.55E-12
Os06g0652100,3.37737659,0.019696418,0.085365581
Os05g0507000,3.371369748,0.084565869,0.242609676
Os04g0611400,3.347533609,0.000177461,0.002026331
Os01g0341000,3.347339364,0.000522896,0.004960446
Os02g0192001,3.334476551,0.008542419,0.045868063
Os02g0486500,3.3190398,0.022884816,0.095973734
Os02g0288100,3.31728402,2.26E-06,4.87E-05
Os04g0623200,3.312379538,0.027816504,0.110777477
Os10g0422800,3.310635934,0.070785137,0.214363262
Os04g0412800,3.309379715,0.03836377,0.139116173
Os03g0297800,3.297500958,0.107011439,0.282239228
Os10g0574901,3.29391321,0.08130618,0.236149202
Os06g0624700,3.292177011,0.001051311,0.008743178
Os09g0514500,3.290276891,8.33E-14,1.08E-11
Os07g0603700,3.287543799,1.52E-05,0.000255733
Os02g0695600,3.28671933,4.74E-05,0.00067566
Os04g0474800,3.282212155,2.57E-14,3.74E-12
Os09g0125400,3.28094686,0.001139371,0.009288612
Os01g0905400,3.279746191,7.23E-12,6.41E-10
Os12g0637400,3.279050478,6.05E-06,0.000114581
Os11g0125700,3.278281149,0.003160087,0.021058751
Os01g0800701,3.235970372,2.35E-10,1.48E-08
Os01g0936700,3.234008523,0.000406863,0.004026673
Os06g0673700,3.233408733,0.118187304,0.301078007
Os08g0195650,3.225545248,0.088704018,0.249902481
Os04g0479900,3.213263723,0.085035702,0.243258879
Os06g0696400,3.205903601,0.122602703,0.309015252
Os12g0454600,3.1729061,0.031478644,0.120966824
Os03g0751100,3.171708854,0.035298336,0.131556255
Os07g0127700,3.169342563,0.018608154,0.081895696
Os04g0413500,3.161886791,2.06E-31,5.87E-28
Os05g0556400,3.155687759,5.71E-17,1.39E-14
Os03g0705800,3.15560843,1.71E-09,9.05E-08
Os10g0438800,3.153104425,0.017467338,0.07802551
Os08g0266700,3.146768581,0.000965211,0.008151486
Os05g0579600,3.145441248,2.02E-07,6.13E-06
Os06g0564100,3.13806935,0.144926469,0.343030273
Os12g0512800,3.132705524,0.115327122,0.296194939
Os01g0595850,3.132705053,0.115297557,0.296167348
Os10g0453000,3.129964606,0.110518936,0.287999461
Os11g0638700,3.129433957,0.005742657,0.033982469
Os06g0730000,3.127357464,0.187057521,0.403476658
Os11g0180000,3.1255766,0.003165384,0.021077605
Os03g0656100,3.12514454,0.000378508,0.003809727
Os11g0674400,3.118482816,0.117551683,0.29988234
Os06g0263450,3.118482755,0.117521375,0.29988234
Os02g0572300,3.113915997,0.045306945,0.156793606
Os12g0587100,3.11102538,0.103157109,0.275648619
Os11g0249000,3.110313689,0.048854356,0.165690955
Os02g0234450,3.109383618,0.000974322,0.008214894
Os01g0117600,3.107367428,0.03613843,0.133579772
Os09g0541000,3.105850718,1.17E-06,2.76E-05
Os04g0368800,3.103160056,0.044836167,0.155686045
Os06g0164300,3.102683575,0.00155664,0.011882558
Os02g0211350,3.101711836,0.14151279,0.337929764
Os02g0179400,3.098970317,0.145277818,0.343653391
Os04g0644100,3.093531917,0.001526491,0.011707059
Os03g0214100,3.093145868,4.69E-05,0.000669114
Os04g0602500,3.086628324,3.26E-05,0.000488936
Os02g0276200,3.085614832,0.012741655,0.061798114
Os01g0953100,3.069401316,0.053109653,0.175898831
Os09g0129800,3.064858074,0.018756292,0.082349635
Os07g0498400,3.06469848,5.43E-05,0.000759408
Os10g0474250,3.060241729,0.014196338,0.066927831
Os09g0472700,3.054733733,9.33E-19,3.47E-16
ENSRNA049450658,3.054089538,0.002046009,0.014872312
Os11g0558300,3.049675576,5.86E-08,2.07E-06
Os01g0349800,3.041940553,0.048057295,0.163789846
Os10g0563900,3.041874935,0.006910839,0.039297922
Os03g0227400,3.041666879,0.008147236,0.044275003
Os01g0382400,3.035135382,4.85E-22,3.36E-19
Os11g0234001,3.030958097,0.165916568,0.373393074
Os10g0488400,3.028917938,0.159185325,0.364309179
Os05g0142600,3.024185406,0.166689654,0.374371452
Os06g0112300,3.021357127,0.130519235,0.321504938
Os05g0476000,3.020482277,0.026103801,0.105714825
Os08g0493800,3.018748195,0.000527536,0.004992995
Os11g0594500,3.017977084,0.122745876,0.309246519
Os04g0674350,3.015394632,0.161196256,0.367303838
Os11g0492100,3.01278687,0.054680273,0.179211132
Os11g0137000,3.009055283,0.124699578,0.312217171
Os09g0400400,3.006627223,0.161107634,0.367167207
Os03g0207800,3.004247738,0.133430566,0.325594219
Os02g0792500,2.999632044,0.133092932,0.325352339
Os02g0151300,2.999172142,0.073014556,0.219300431
Os07g0604100,2.999047729,4.25E-05,0.000613356
Os03g0580200,2.998606315,0.127088821,0.316493036
Os08g0503000,2.998060301,1.09E-08,4.55E-07
Os07g0578300,2.997239645,8.71E-11,6.16E-09
Os11g0284600,2.996966284,0.003316594,0.021846037
Os03g0770100,2.994490509,0.075359438,0.223617241
Os09g0460100,2.984824556,2.48E-15,4.47E-13
Os12g0107700,2.980796827,0.11285152,0.291890969
Os02g0629800,2.978575808,2.10E-06,4.57E-05
Os03g0817800,2.97798793,1.21E-21,7.21E-19
Os09g0538500,2.977806861,0.023376246,0.09736176
Os07g0480800,2.975775158,8.57E-08,2.90E-06
Os03g0306400,2.973662985,0.008908165,0.047434312
Os01g0322700,2.971821035,0.007032513,0.039821896
Os01g0877400,2.965153284,5.44E-05,0.000759408
ENSRNA049475862,2.962668394,0.019500167,0.084753081
Os08g0547500,2.958259314,0.030672224,0.118860729
Os03g0607600,2.955316838,0.028450529,0.112667538
Os10g0150400,2.949191198,2.90E-07,8.38E-06
Os03g0185700,2.9484393,0.018961744,0.083054927
Os03g0619875,2.944887427,2.34E-06,5.03E-05
Os07g0578700,2.943045799,0.063155211,0.197948132
Os01g0544450,2.941504769,4.21E-11,3.22E-09
Os03g0643900,2.939871866,0.065691248,0.203507055
Os05g0541750,2.936025818,9.48E-12,8.21E-10
Os11g0201441,2.932702915,0.081857989,0.237359143
Os04g0622400,2.923213371,0.005146118,0.031098815
Os03g0186900,2.92204761,1.62E-07,5.02E-06
Os01g0265100,2.917098017,1.25E-15,2.47E-13
Os06g0142500,2.91529602,0.063574204,0.198993625
EPlORYSAT000373847,2.91524223,0.18934938,0.406058954
Os01g0566701,2.912747995,0.199148808,0.418838683
Os10g0571600,2.912184795,4.96E-06,9.66E-05
Os01g0909000,2.909892004,0.18266792,0.397314523
Os01g0834125,2.90909136,0.155852587,0.359507638
Os04g0371100,2.906102955,0.097781901,0.266029481
Os02g0214050,2.904937025,0.153611871,0.356306713
Os11g0614500,2.900298282,0.148953036,0.349411667
Os05g0464350,2.900294859,0.148404439,0.348507648
Os03g0171700,2.898761129,0.143399605,0.34097328
Os08g0192100,2.898444437,0.185834648,0.401690669
Os09g0473883,2.896720152,0.144956838,0.343052466
Os11g0667000,2.894188811,0.142550012,0.33964071
Os08g0123833,2.893709648,0.185442632,0.401080152
ENSRNA049473879,2.893631752,0.190100779,0.406930014
Os07g0639400,2.893186201,0.079558137,0.232442207
Os04g0686000,2.891081746,0.156261635,0.360094601
Os01g0965700,2.888752833,0.074528639,0.222060874
Os10g0474300,2.88748102,0.156441876,0.360218386
Os02g0736900,2.886259427,0.187740951,0.404401281
Os11g0123066,2.882940379,0.096331087,0.263621858
Os04g0525200,2.882402069,0.151784569,0.353617023
Os11g0594000,2.882233905,0.024615279,0.101125105
Os03g0130950,2.878910611,0.073496361,0.220231232
Os01g0872566,2.877783436,0.03149918,0.121023166
Os07g0120100,2.877255357,0.002370181,0.016700566
Os06g0306300,2.877146683,0.011329178,0.056752203
Os04g0666800,2.873221027,1.46E-12,1.49E-10
Os10g0150800,2.870889013,9.75E-05,0.001216586
Os01g0832100,2.870094543,0.000518324,0.004926932
Os03g0128300,2.868633469,0.08123465,0.236032977
Os01g0805900,2.86816746,2.10E-27,3.36E-24
Os04g0650416,2.867539073,0.061901381,0.194938001
Os04g0243700,2.865845196,0.000766071,0.006745377
Os02g0299200,2.865363924,1.55E-05,0.000260239
Os05g0565100,2.864338391,0.000598593,0.005547109
Os05g0214300,2.86409371,0.041504276,0.147233013
Os06g0506200,2.863873511,0.090696362,0.253563873
Os03g0597800,2.863630761,0.209221263,0.431286452
Os11g0255200,2.862465665,0.077235949,0.227316415
Os01g0566800,2.861266743,0.000446877,0.004340537
Os05g0219800,2.861169055,0.002690337,0.01846462
Os12g0427600,2.859423016,0.06545936,0.202985016
Os11g0108700,2.859236688,0.246779259,0.478235135
Os06g0550901,2.858458402,0.067153035,0.206636511
Os04g0203400,2.855357009,0.01011855,0.052250624
Os02g0785200,2.846996692,0.001181062,0.009541462
Os01g0117450,2.839935437,2.29E-06,4.93E-05
Os06g0187500,2.838189197,0.035192096,0.131274869
Os12g0167700,2.82996623,0.002213199,0.015840446
Os06g0325602,2.82740883,0.102682604,0.274892128
Os03g0212600,2.825445236,0.01257205,0.061172358
Os02g0196100,2.825271176,0.016773287,0.075719159
Os10g0530200,2.823696835,0.010617757,0.054119511
Os03g0193600,2.821178101,0.053483374,0.176666818
Os04g0463000,2.818705048,8.15E-09,3.57E-07
Os12g0233366,2.818640269,0.089744915,0.251920898
Os01g0696500,2.816750096,0.002399339,0.016853906
Os12g0634600,2.814657749,0.014563306,0.068193639
Os11g0541600,2.81073307,0.04390834,0.153194908
Os02g0640300,2.799774075,4.27E-09,2.04E-07
Os01g0788800,2.797415971,1.64E-05,0.000272949
Os10g0196400,2.793638959,0.084394866,0.242291277
Os07g0691700,2.793350985,0.014162816,0.066818972
Os02g0784100,2.783513075,0.008827632,0.047123005
Os01g0139000,2.782791135,0.181699681,0.396140113
Os03g0129400,2.781504598,0.220309495,0.445407228
Os10g0105750,2.781504177,0.220255509,0.445407228
Os04g0670900,2.780489745,0.002342624,0.01656778
Os05g0464550,2.779356762,0.267118616,0.501691259
Os04g0196200,2.778521586,0.000803313,0.00702981
Os11g0221300,2.777111725,7.50E-06,0.000138331
Os01g0931200,2.768734319,0.003804579,0.024469059
Os03g0687800,2.767740312,0.171267898,0.381168883
Os05g0224700,2.767739954,0.171970973,0.382169319
Os04g0578300,2.767288656,0.000150386,0.001760325
Os01g0581800,2.764954579,0.182589701,0.397306521
Os02g0164400,2.763854336,0.175860784,0.387386595
Os04g0341900,2.763854336,0.175860784,0.387386595
Os03g0680600,2.763090296,0.217721779,0.442128866
ENSRNA049473887,2.759080477,0.216745046,0.44094151
Os02g0152300,2.755662122,0.219454714,0.444161781
Os12g0141000,2.755662122,0.219454714,0.444161781
Os09g0272600,2.754173724,8.20E-11,5.87E-09
Os02g0174900,2.753568451,0.096412243,0.263787604
Os12g0577200,2.750746075,0.050569581,0.16985996
Os07g0654500,2.750679819,0.098620862,0.267544981
Os01g0134850,2.743876157,0.095113866,0.261130029
Os12g0154700,2.74378619,0.124816371,0.312443324
Os07g0117800,2.738723489,0.086074242,0.245244112
Os11g0210600,2.738257237,4.71E-17,1.21E-14
Os01g0215500,2.737812686,0.003315049,0.021841474
Os03g0403600,2.737450323,0.096989736,0.264802131
Os08g0161100,2.736880385,0.098821314,0.267861899
Os03g0226901,2.734731709,0.099686668,0.269324281
Os02g0570500,2.731135338,0.016940653,0.076286529
Os07g0241700,2.725180077,0.036630478,0.134873219
Os10g0490666,2.722033963,0.132145579,0.324244473
Os08g0441300,2.719519098,0.094733174,0.260575266
Os07g0282401,2.715023233,0.003571409,0.023255455
Os07g0677200,2.708964534,0.01363247,0.065066258
Os04g0494100,2.708747802,1.01E-14,1.57E-12
Os07g0174700,2.708710311,2.28E-19,9.72E-17
Os03g0582400,2.690402202,0.044639305,0.155211802
Os02g0113900,2.690019727,0.042335358,0.149128248
Os06g0193200,2.68977364,0.019279863,0.08404354
Os07g0448400,2.687362167,0.041729537,0.147807014
Os08g0216300,2.686963952,0.013580177,0.064882503
Os02g0218550,2.686247693,0.037317559,0.136534311
Os01g0311600,2.681133323,0.012111596,0.059462621
Os04g0128900,2.680569458,0.000351756,0.003583543
Os04g0465600,2.679815819,3.57E-27,4.84E-24
Os01g0509400,2.678950086,0.032150556,0.122862595
Os11g0160850,2.678815395,0.111424639,0.289428783
Os05g0319200,2.676290035,1.38E-06,3.19E-05
Os10g0463200,2.674565234,7.47E-05,0.000979286
Os03g0726700,2.670374083,0.111431719,0.289428783
Os05g0518300,2.667952875,0.00235381,0.01662982
Os02g0729200,2.664639641,0.106213681,0.281060946
Os05g0153300,2.664097689,0.058424899,0.187997136
Os04g0101400,2.656973747,0.000189038,0.002141349
Os07g0616200,2.656409553,1.37E-17,3.79E-15
Os07g0664000,2.65342527,0.000118479,0.00143672
Os03g0371400,2.650897421,4.82E-10,2.84E-08
Os02g0193732,2.645319833,0.249321622,0.481196739
Os04g0680550,2.644095848,0.253879315,0.487074783
Os08g0410350,2.638852073,0.207186743,0.428885597
Os03g0670800,2.635873297,0.216407935,0.44080316
Os09g0551500,2.632158856,0.205560123,0.426967173
Os10g0139700,2.63177262,0.025133646,0.102741478
Os07g0663700,2.626868794,4.09E-05,0.000592876
Os08g0215400,2.625413888,0.217148328,0.441566005
Os07g0431160,2.624834299,0.217283624,0.441686498
Os09g0448500,2.622630859,0.065423663,0.202898876
Os08g0458600,2.621616484,0.002594317,0.017941747
Os07g0565800,2.620952105,0.031735499,0.121666476
Os04g0481550,2.619274057,0.220331395,0.445407228
Os08g0553000,2.619274057,0.220331395,0.445407228
Os02g0464900,2.619273517,0.220389029,0.44545461
Os03g0369100,2.618489618,0.000272488,0.002904313
Os02g0603000,2.617428098,0.088158315,0.248764922
Os01g0753800,2.615956377,0.003770845,0.024294783
Os12g0555600,2.615875672,3.81E-07,1.07E-05
Os04g0433000,2.615165911,0.254801228,0.488059496
Os08g0232700,2.614559284,0.256184058,0.489548244
Os01g0759900,2.612392694,0.226121804,0.453358293
Os03g0418000,2.611241814,0.143806462,0.341497032
Os12g0596300,2.608338586,6.40E-05,0.000868311
Os11g0238000,2.607885632,0.235958259,0.466077588
Os01g0800101,2.606709142,0.132783299,0.324988678
Os07g0417200,2.604719113,1.55E-07,4.83E-06
Os02g0792600,2.604483949,0.000331747,0.003406956
Os02g0738100,2.604222161,0.06463232,0.20122405
Os09g0116000,2.603077968,0.129861447,0.320593493
Os06g0142350,2.602616606,0.000157887,0.001836379
Os01g0137500,2.601573032,0.272451473,0.507969446
Os02g0733300,2.600439119,0.035591706,0.132188184
Os01g0869300,2.597525537,0.028830101,0.113700735
Os08g0136700,2.596403069,0.313272005,0.553851418
Os07g0259000,2.596388457,0.314273444,0.554856229
Os03g0736500,2.594742308,0.027009328,0.10833751
Os04g0677600,2.594738075,0.02253017,0.094855497
Os01g0106400,2.593648859,1.92E-14,2.81E-12
Os09g0535400,2.591635292,0.090975277,0.254094127
Os01g0168800,2.588737928,2.30E-22,1.64E-19
Os09g0511900,2.588062978,0.054018933,0.177771271
Os03g0810700,2.587679021,0.004171673,0.026301862
Os11g0156300,2.586355674,0.113348142,0.292715121
Os01g0201500,2.58627759,0.00170747,0.012852678
Os10g0530750,2.582321537,0.001321041,0.010460147
Os03g0317300,2.575303641,0.014962834,0.069581253
Os11g0569300,2.572766323,0.185880077,0.401721088
Os05g0150733,2.564225657,0.038050303,0.138390763
Os10g0124500,2.564196226,0.007954961,0.043599995
Os09g0100750,2.560417584,0.12511081,0.313058036
Os02g0826300,2.55401795,0.032856261,0.124777311
Os10g0147250,2.553627034,0.005676432,0.033649622
Os01g0726100,2.553561849,0.006528536,0.037614044
Os03g0113000,2.552302304,7.75E-09,3.43E-07
Os11g0134600,2.54755871,0.062869833,0.197295007
Os12g0263100,2.545094801,0.063201878,0.198021732
Os05g0484700,2.544995839,0.041257535,0.146682644
Os06g0513050,2.540462274,3.87E-16,8.61E-14
Os02g0765400,2.531289005,0.131290388,0.32278388
Os08g0260400,2.52927753,0.008156609,0.044307141
Os12g0553800,2.528828348,0.107647231,0.28321645
Os04g0657100,2.528214049,0.015249978,0.07059624
Os07g0421300,2.5250112,3.95E-05,0.000577651
Os05g0517400,2.517671676,0.000620072,0.005697782
Os02g0471300,2.513024898,0.02625928,0.106076229
Os05g0531200,2.511511808,0.001757378,0.013139569
Os02g0666600,2.509914002,0.12439083,0.311804563
Os08g0157550,2.509747592,0.000363526,0.003684587
Os01g0843500,2.509320763,0.05392513,0.177553792
Os08g0299300,2.507488015,0.038378561,0.13913043
Os08g0390100,2.501459582,0.002193005,0.015722264
Os03g0778400,2.499878793,0.150233056,0.351449064
Os07g0558300,2.498354118,0.038122595,0.138516059
Os05g0468400,2.497525932,0.137953001,0.332590303
Os02g0782800,2.494688576,6.95E-05,0.000924405
Os06g0643500,2.483053936,1.31E-05,0.000224527
Os04g0394200,2.482398484,0.136337084,0.330353242
Os02g0642200,2.481973806,0.00057813,0.005396509
Os08g0113100,2.481182283,4.13E-15,7.10E-13
Os05g0588300,2.480207896,0.000382132,0.003832243
Os12g0637200,2.477906782,0.000816011,0.007116631
Os06g0248300,2.476575174,0.144931029,0.343030273
Os07g0632000,2.466567788,0.045499797,0.157206216
Os04g0613700,2.464565217,7.52E-22,4.70E-19
Os08g0546900,2.462012728,0.161354629,0.367510637
Os12g0225900,2.459385921,1.73E-05,0.000287778
Os05g0235800,2.457476683,1.07E-06,2.57E-05
Os04g0229100,2.456314127,0.003939408,0.025171936
Os10g0498100,2.452586659,0.086591758,0.24619847
Os02g0288600,2.450755786,0.089710605,0.251879776
Os11g0644100,2.449614849,0.010367078,0.053276303
Os05g0390300,2.447964106,3.52E-25,3.34E-22
Os10g0510000,2.447661376,1.81E-17,4.88E-15
Os03g0780800,2.443137693,8.86E-21,4.73E-18
Os03g0204500,2.438947532,0.014318134,0.067378061
Os01g0872100,2.438223258,0.177139897,0.389391914
Os03g0356900,2.435244442,0.040467704,0.144677547
Os11g0523500,2.434006773,0.107696391,0.283307079
Os05g0442700,2.432176798,0.162261237,0.368615984
Os03g0672500,2.431940103,0.00972958,0.050743136
Os10g0101000,2.431865827,0.182612453,0.397306521
Os01g0382200,2.430751128,0.001171553,0.009487578
Os02g0816200,2.430189704,0.017412821,0.077878986
Os01g0660200,2.429101584,0.000188195,0.002134622
Os01g0176100,2.428345534,0.000759354,0.006709286
Os10g0113100,2.428208471,0.028936679,0.113963193
Os05g0548400,2.423598392,0.008527638,0.04582711
Os06g0108500,2.418013964,0.023341968,0.097288425
Os05g0476200,2.416164549,1.51E-06,3.43E-05
Os01g0702450,2.415794405,6.76E-05,0.00090729
Os06g0131700,2.412648412,0.012176625,0.059736105
Os11g0649600,2.412301501,0.059672246,0.190503608
Os02g0785600,2.409213583,0.024904802,0.102052734
Os04g0467901,2.406541472,0.026868438,0.107891093
Os05g0313600,2.405645575,0.096891625,0.264680211
Os09g0364800,2.40475542,2.11E-05,0.000339928
Os01g0712500,2.403257745,0.175136387,0.386455361
Os02g0570700,2.397725794,0.000172357,0.001976861
Os01g0234300,2.397404296,0.083843936,0.241196044
Os03g0434800,2.39494892,0.010778877,0.054723035
Os07g0604700,2.394540515,8.67E-05,0.001107066
Os11g0599000,2.393771774,7.69E-05,0.001001807
Os02g0117600,2.392636433,0.023655832,0.09822288
Os08g0524400,2.392141193,4.27E-11,3.25E-09
Os12g0115700,2.391489588,0.003170541,0.02110098
Os12g0601000,2.390750593,0.00080635,0.007053982
Os04g0348600,2.389573503,0.0002364,0.00257486
Os10g0481300,2.389142979,0.007260687,0.040771548
Os01g0971400,2.388342681,0.002137072,0.015421181
Os11g0137500,2.386174512,0.166887562,0.374674495
Os01g0697100,2.380268776,0.000577707,0.005394532
Os02g0190950,2.378938998,0.053274077,0.176244574
Os10g0569800,2.376129745,0.002647563,0.018216569
Os07g0681400,2.375084669,6.21E-07,1.61E-05
Os11g0666000,2.374974653,0.045781363,0.158115093
Os06g0562200,2.374697804,0.005110457,0.030919772
Os07g0690900,2.371135598,0.117280209,0.299458974
Os06g0671800,2.370461613,0.000246525,0.002670909
Os01g0551100,2.370410308,2.36E-09,1.20E-07
Os01g0378100,2.367257505,6.56E-07,1.68E-05
Os01g0701700,2.366198889,0.111202183,0.289168197
Os04g0370100,2.363573427,2.13E-06,4.62E-05
Os03g0256800,2.362201944,2.09E-10,1.33E-08
Os01g0249200,2.359592472,1.65E-21,9.62E-19
Os10g0497466,2.359025836,0.071422883,0.215631969
Os04g0468600,2.357332826,0.126387784,0.315206755
Os03g0391300,2.355183439,0.255548514,0.488796625
Os01g0965800,2.354659665,3.26E-05,0.000489143
Os06g0286700,2.353224413,0.00734179,0.041127831
Os07g0503900,2.350409341,0.000252873,0.002728151
Os03g0287500,2.347632009,0.013688622,0.065209934
Os06g0701900,2.344861606,0.192773558,0.410385702
Os05g0231900,2.34467902,0.001396244,0.010907307
Os03g0165400,2.343163822,2.28E-17,6.02E-15
Os12g0512000,2.341693653,0.029759723,0.116344803
Os10g0163130,2.340647877,8.98E-08,3.00E-06
Os11g0491850,2.339716013,0.190343993,0.407314526
Os01g0855400,2.338569606,4.36E-06,8.70E-05
Os02g0636600,2.337563745,2.47E-08,9.45E-07
Os06g0211600,2.335114932,0.188701838,0.405297986
Os07g0491800,2.334177509,0.002026535,0.014764261
Os01g0546400,2.334021333,0.000894176,0.007665264
Os05g0465400,2.33372077,0.244472274,0.475567818
Os02g0833900,2.333250184,0.075988578,0.224894086
Os04g0396800,2.326928805,0.001461858,0.011306445
Os08g0435700,2.325090775,0.180901796,0.395094333
Os08g0512600,2.322828811,2.43E-05,0.000381321
Os01g0937900,2.322787749,0.07042996,0.213536706
Os05g0548900,2.321639641,0.000644155,0.005871639
Os02g0229400,2.321535633,0.239368281,0.469735273
Os04g0626300,2.32101924,0.181706496,0.396140113
Os03g0367150,2.319532468,8.33E-11,5.95E-09
Os11g0440200,2.318553109,0.015530136,0.071634326
Os10g0395000,2.317130117,0.000684387,0.006174663
Os03g0389000,2.315714511,0.128336663,0.318362891
Os07g0542400,2.315329126,0.030959023,0.119575376
Os11g0494100,2.311876077,0.059872023,0.190879787
Os11g0687100,2.311633905,0.043396462,0.151863908
Os04g0380800,2.309836447,7.15E-11,5.20E-09
Os04g0289800,2.307445677,0.026058,0.105597432
Os10g0556500,2.307348268,0.048496986,0.164831963
Os09g0530200,2.305289661,0.144649506,0.342736665
Os02g0772000,2.303581162,6.66E-06,0.000124686
Os02g0615500,2.303069447,0.104244424,0.277685299
Os03g0582800,2.301245864,0.040687953,0.145242047
Os07g0489800,2.300611712,0.002354642,0.01662982
Os07g0556500,2.299931018,0.034689222,0.129909667
Os02g0797400,2.299868544,7.42E-07,1.85E-05
Os03g0788700,2.298342431,3.09E-05,0.000468902
Os07g0271500,2.296762199,0.12279648,0.309290693
Os02g0787200,2.295573459,0.166695898,0.374371452
Os06g0589300,2.294927613,0.033464939,0.126470817
Os05g0424000,2.293062315,0.210577168,0.432687952
Os03g0712100,2.292178059,0.128852559,0.31907017
Os01g0895000,2.290447033,0.098396883,0.26719196
Os12g0632900,2.288310445,9.43E-05,0.001182942
Os01g0136600,2.286500137,0.236874186,0.467130553
Os10g0457400,2.28452478,0.032832867,0.124762947
Os10g0340450,2.281914943,0.000161333,0.001867982
Os11g0560366,2.278952779,0.248672726,0.480487238
Os12g0629600,2.278478389,0.001176208,0.00951325
Os01g0566500,2.277978206,7.34E-06,0.000136003
Os06g0553200,2.271762759,2.24E-19,9.72E-17
Os01g0892500,2.265561279,0.024323084,0.1002131
Os02g0597700,2.264226663,0.059905714,0.190915935
Os07g0117200,2.261153832,0.040984927,0.145997052
Os02g0285300,2.26002873,1.05E-17,2.98E-15
Os01g0735300,2.25729932,0.053799945,0.177369531
Os08g0561500,2.25600287,0.001498254,0.011542321
Os03g0859100,2.250163222,0.000610184,0.005638204
Os05g0560900,2.249607047,0.263968121,0.498023353
Os09g0441900,2.249050625,0.092580457,0.256850224
Os11g0242600,2.243899211,3.36E-09,1.65E-07
Os06g0160200,2.243124784,2.49E-09,1.26E-07
Os01g0133200,2.243124421,0.144545226,0.342552934
Os12g0133850,2.242865381,0.216385638,0.44080316
Os07g0194351,2.241589622,0.216907811,0.441237603
Os01g0341200,2.241224944,0.084580907,0.242609676
Os08g0126100,2.239787839,0.197788919,0.416959681
Os04g0685400,2.239110404,1.17E-15,2.33E-13
Os02g0623400,2.237610503,0.14167035,0.338179558
Os05g0493100,2.236604312,0.138721043,0.333970617
Os02g0789100,2.235942072,0.143594229,0.341142749
Os01g0825000,2.235802435,0.016366497,0.074486456
Os08g0511400,2.235193987,0.003105302,0.020758454
Os11g0127600,2.234793951,0.056906475,0.184586714
Os01g0596100,2.234685201,0.109802589,0.286767071
Os01g0311100,2.233717913,0.061409475,0.193795071
Os05g0376800,2.233277137,0.137767385,0.332273781
Os06g0666800,2.232536337,0.211719442,0.434442802
Os01g0583900,2.23130431,0.004023344,0.025593962
Os03g0637600,2.228769755,1.46E-13,1.79E-11
Os07g0116900,2.228163993,0.071554203,0.215939344
Os03g0396000,2.225873279,0.195869574,0.414534243
Os09g0449000,2.225781154,0.108151009,0.284069508
Os03g0135550,2.225724467,0.217435637,0.441855288
Os01g0863500,2.225631361,0.25323223,0.486508918
Os06g0159450,2.224918192,0.009586473,0.050247021
Os01g0756200,2.223628293,0.087490051,0.247800464
Os04g0631200,2.223627362,2.03E-06,4.43E-05
Os01g0783800,2.22201248,0.051386759,0.171853203
Os08g0544101,2.219808855,0.079789048,0.232904394
Os03g0856300,2.219592239,1.48E-10,9.78E-09
Os09g0469300,2.218537664,5.71E-07,1.50E-05
Os11g0126400,2.218187304,4.65E-06,9.18E-05
Os08g0139200,2.217704783,1.09E-07,3.56E-06
Os07g0534700,2.213760111,0.013113807,0.063128376
Os04g0497300,2.213320425,9.65E-08,3.19E-06
Os12g0145900,2.213090554,0.052382952,0.174290141
Os01g0608900,2.210886876,0.088757649,0.25002608
Os06g0217700,2.209828525,0.0112551,0.056491565
Os10g0150700,2.205319481,0.000821384,0.007154122
Os08g0416800,2.200784661,6.73E-07,1.71E-05
Os02g0134700,2.200607076,0.005535597,0.033039505
Os02g0665250,2.199299936,0.059844024,0.190814263
Os12g0209300,2.19820781,0.010972268,0.055452152
Os06g0638400,2.198067442,0.026839504,0.107836245
Os04g0382900,2.194305601,0.007735678,0.042782492
Os04g0273900,2.193773103,0.037783776,0.137577617
Os10g0147200,2.192832284,0.066041852,0.203952076
Os07g0154900,2.192220386,0.04302453,0.150912737
Os12g0120000,2.19158229,0.275598383,0.511318376
Os03g0189300,2.191103526,0.022727977,0.095499992
Os04g0512300,2.189822433,1.32E-09,7.23E-08
Os01g0333600,2.189239338,0.000210457,0.002340509
Os05g0406100,2.188427326,0.00047371,0.004561399
Os09g0465400,2.185882051,0.000752633,0.006663686
Os05g0491400,2.184701924,0.039630215,0.142598652
Os05g0559350,2.177392125,0.092096235,0.255997161
Os01g0710100,2.177264107,0.17453876,0.385668044
Os04g0582700,2.176857676,0.001959139,0.014350777
Os01g0332500,2.175673472,0.006282173,0.036481576
Os10g0375000,2.17321713,0.068719941,0.210070515
Os01g0966700,2.172639248,0.033361873,0.126211615
Os09g0561600,2.172407374,0.280896931,0.517476681
Os05g0339300,2.170256787,0.015898752,0.072799165
Os01g0972300,2.169838588,0.158447896,0.363302947
Os04g0518800,2.169263068,0.019779701,0.085657869
Os06g0543200,2.167804193,0.059926914,0.190935999
Os09g0326100,2.166047382,2.47E-09,1.25E-07
Os03g0367101,2.165336184,7.87E-10,4.47E-08
Os02g0459300,2.16527764,0.223514327,0.449466928
gene-orf153,2.165198391,0.292373044,0.531197228
Os09g0278300,2.1646873,0.146702932,0.34603085
Os02g0658600,2.164586654,0.067692247,0.207764673
Os04g0554200,2.163706762,0.069035819,0.210784651
Os01g0272700,2.16206318,0.303679532,0.543831259
Os08g0473900,2.161216249,0.057787724,0.186438222
Os03g0211500,2.16025421,0.076499942,0.225990997
Os04g0110200,2.15936848,2.36E-06,5.06E-05
Os04g0500900,2.158081209,0.149444918,0.350212834
Os09g0283600,2.158020888,0.004179666,0.0263393
Os08g0239000,2.1558856,0.089569584,0.251676877
Os08g0528100,2.155220404,0.191453358,0.408630521
Os09g0459200,2.152042702,0.174841936,0.38603834
Os09g0530275,2.147999056,0.293110287,0.53189553
Os04g0655700,2.146361564,9.18E-11,6.42E-09
Os01g0547600,2.14563598,8.78E-07,2.16E-05
Os11g0575900,2.14459901,0.0001271,0.001525382
Os03g0725200,2.141793878,1.80E-06,4.02E-05
Os10g0143800,2.139239649,0.258828741,0.492460744
Os09g0515550,2.138290919,0.022447075,0.094661192
Os01g0702700,2.138186765,0.039934424,0.143351041
Os05g0207500,2.137500635,0.000122,0.00147453
Os03g0768900,2.132864396,0.008131853,0.044226657
Os03g0246500,2.131944942,1.19E-26,1.45E-23
Os02g0165800,2.131179703,0.061066782,0.193103067
Os02g0131800,2.131054317,0.038546226,0.139540822
Os03g0767600,2.13070624,0.007653238,0.042372282
Os09g0459450,2.130097392,0.002814297,0.019131547
Os07g0604800,2.129166083,4.80E-15,8.09E-13
Os02g0750800,2.12687014,0.24547034,0.47656361
Os08g0269600,2.126390817,0.000298979,0.003123012
Os11g0169400,2.126353857,0.249839228,0.481796533
Os03g0232800,2.123005465,3.49E-13,4.01E-11
Os03g0689866,2.120887748,0.009606276,0.050274828
Os03g0654900,2.119504034,0.041918757,0.148264517
Os06g0569300,2.119206695,0.262646877,0.496554336
Os06g0266800,2.118654196,7.58E-09,3.36E-07
Os02g0571100,2.117659122,5.63E-24,4.81E-21
Os04g0581700,2.117048541,0.007379715,0.041295137
Os09g0487200,2.115697908,6.75E-10,3.89E-08
Os03g0578500,2.114713312,0.012903139,0.062357062
Os07g0241500,2.113182934,0.00011997,0.001452055
Os06g0659400,2.112825208,0.25845397,0.49207654
Os04g0280200,2.111653313,0.226773589,0.454167553
Os11g0671950,2.11157062,0.116219199,0.297563715
Os07g0650600,2.110617387,8.66E-10,4.86E-08
Os06g0211500,2.109300498,0.105937888,0.280475977
Os03g0772900,2.105490514,0.006822121,0.038975073
Os12g0135000,2.102937991,0.050898264,0.170680045
Os01g0329000,2.102231196,0.168974446,0.377935775
Os01g0633500,2.099795311,2.64E-05,0.000409337
Os09g0483100,2.095645803,0.181364661,0.395734201
Os06g0514100,2.093974448,0.015045347,0.069890934
Os01g0938400,2.093078541,0.25428201,0.487429337
Os02g0569000,2.092642718,0.000104499,0.001291025
Os07g0437000,2.092105026,0.304763281,0.544975194
Os03g0324600,2.091432596,0.130396183,0.321263596
Os01g0617900,2.089756803,0.204632222,0.425695496
Os10g0544200,2.085487696,5.37E-05,0.000753262
Os05g0586400,2.085432259,4.14E-07,1.14E-05
Os02g0821400,2.085163622,0.002834986,0.019252807
Os04g0662200,2.084395516,0.253638293,0.486923952
Os03g0807700,2.081632943,6.18E-06,0.000116782
Os07g0634900,2.07910162,0.012469875,0.060815404
Os03g0103300,2.07904374,1.41E-18,5.03E-16
Os05g0141300,2.076632252,0.306366059,0.546698281
Os02g0286500,2.075571273,0.010474338,0.053682891
Os06g0230000,2.074657581,0.307893861,0.548142329
Os09g0472900,2.074644327,0.000412747,0.004075458
Os02g0758800,2.074374081,9.53E-07,2.32E-05
Os07g0445800,2.074308594,0.175325005,0.38677164
Os07g0111400,2.071288081,0.001120756,0.009182319
Os06g0247900,2.066816535,0.000142819,0.001688715
Os09g0297300,2.06620849,0.093058966,0.257722642
Os01g0670100,2.065984539,2.03E-08,7.94E-07
Os06g0351500,2.065931745,0.003291119,0.021700551
Os10g0554800,2.065883271,8.55E-05,0.001094624
Os03g0401300,2.065439508,2.62E-13,3.11E-11
Os03g0355700,2.062801051,1.11E-06,2.64E-05
Os05g0217000,2.061341474,3.31E-18,1.03E-15
Os05g0178300,2.059904455,0.002244286,0.015995923
Os07g0492500,2.059400641,0.01336562,0.064000613
Os10g0345650,2.058723738,0.187798886,0.404401281
Os05g0319700,2.058133945,0.006132397,0.035784651
Os05g0359833,2.057405922,0.153802188,0.356607861
Os09g0488600,2.057382142,0.182146101,0.396729815
Os08g0249100,2.05619831,1.46E-10,9.67E-09
Os03g0367200,2.05466192,0.000235113,0.002563529
Os03g0807500,2.05439779,0.03113322,0.120021627
Os07g0282300,2.054075612,0.000135509,0.001615708
Os05g0219900,2.051014187,0.052535671,0.174715736
Os03g0672400,2.050570128,0.01098047,0.055482664
Os04g0681600,2.047727435,0.100552799,0.270807692
Os02g0107900,2.04185694,1.93E-05,0.000314616
Os03g0856700,2.041351013,5.72E-09,2.62E-07
Os03g0215700,2.040086085,9.94E-12,8.58E-10
Os06g0178500,2.038815945,0.046561388,0.160002934
Os02g0715300,2.037442726,3.08E-11,2.42E-09
Os02g0248200,2.031849579,0.060827814,0.192704139
ENSRNA050013663,2.029349469,0.328591067,0.569153581
Os07g0572100,2.027969403,0.003628905,0.023575919
Os06g0134200,2.027183252,0.295394452,0.535055284
