Geneid,log2FoldChange,pvalue,padj
Os07g0474300,3.668698995,0.009499772,0.049961547
Os12g0162400,-0.571908234,0.009497902,0.049961547
Os09g0309500,-0.510988659,0.009494144,0.049952456
Os02g0321600,1.231638895,0.009479265,0.049884414
Os08g0175300,-0.483989288,0.00946146,0.04980094
Os03g0772800,0.41185417,0.009458315,0.049794616
Os05g0428600,-1.375822862,0.009453776,0.04978095
Os11g0635500,4.732644659,0.00945247,0.04978095
Os01g0332200,-1.580125817,0.009439528,0.049756049
Os03g0798101,4.658562756,0.009442354,0.049756049
Os06g0487620,-0.993757665,0.009445163,0.049756049
Os09g0515500,0.457278372,0.009443745,0.049756049
Os01g0348800,-2.994504324,0.00941349,0.049630009
Os02g0598200,1.045365935,0.009369379,0.049407615
Os11g0150700,4.743298453,0.009350081,0.049315999
Os11g0159000,-0.454311411,0.009348846,0.049315999
Os02g0187800,0.371509457,0.009344203,0.049305293
Os02g0732200,1.070419177,0.00934387,0.049305293
Os02g0580700,-0.56247855,0.009329759,0.049249367
Os04g0618600,0.49197515,0.009326527,0.049242449
Os08g0557400,0.591824054,0.009323823,0.049238319
Os01g0896300,1.405979916,0.009310206,0.049176544
Os05g0566900,-0.367034043,0.009292809,0.049094771
Os11g0661101,-0.544944618,0.009270521,0.048987123
Os03g0584050,-0.58777642,0.00926252,0.048954941
Os08g0139100,0.46728294,0.009259271,0.048947863
Os09g0442700,1.518398633,0.009252548,0.048922416
Os03g0369800,-0.405917162,0.00924517,0.048893495
Os12g0628500,-0.3487322,0.009236739,0.048858994
Os05g0392700,-0.490405838,0.009233591,0.048852426
Os06g0563900,-0.410105733,0.009225589,0.048820172
Os07g0164500,0.555863523,0.009190174,0.048642807
Os05g0151700,1.155472819,0.009170813,0.048550361
Os03g0211400,0.447730133,0.009168878,0.048550146
Os03g0605300,0.529770481,0.009165974,0.048544803
Os11g0104400,0.657250949,0.009144103,0.048438983
Os12g0626200,4.867002761,0.009143921,0.048438983
Os06g0208300,-0.351057513,0.009121496,0.048343969
Os12g0502400,0.820892549,0.009122394,0.048343969
Os08g0486233,1.735666777,0.009115234,0.04832602
Os02g0222500,0.628844164,0.009093737,0.048222024
Os01g0507000,-0.809163503,0.009084763,0.048184409
Os06g0332800,0.695370945,0.009064406,0.048086393
Os02g0522800,0.539279866,0.009060916,0.048077833
Os12g0438300,1.007022179,0.00905979,0.048077833
Os12g0278401,0.822846338,0.009057146,0.048077741
Os02g0469300,-0.4540285,0.009038277,0.047987518
Os11g0143300,0.834356023,0.00902608,0.047932694
Os08g0109800,0.620408609,0.009009947,0.04785694
Os04g0461400,-0.791478013,0.008994466,0.047784617
Os01g0819233,0.866170908,0.008988464,0.047762631
Os08g0547100,-0.492182377,0.008983592,0.047746646
Os01g0908700,-0.365902686,0.008981291,0.047744321
Os09g0572800,-2.572582906,0.008977874,0.047736059
Os08g0447300,-0.409465901,0.008970639,0.047707489
Os04g0667900,0.72919349,0.008966681,0.047696338
Os04g0406600,0.52922239,0.008962652,0.047684806
Os05g0489200,-0.595542618,0.008942946,0.047589848
Os10g0324600,0.512257447,0.008935036,0.047557631
Os09g0315200,-0.71625702,0.008912325,0.047446604
Os03g0306400,2.973662985,0.008908165,0.047434312
Os01g0321700,0.494615729,0.008903967,0.047429256
Os11g0517400,0.509013125,0.008905364,0.047429256
Os08g0519300,3.741666023,0.008904768,0.047429256
Os12g0571000,-1.674135756,0.008894356,0.047400184
Os10g0497000,-0.406072656,0.008883585,0.047352632
Os04g0587100,3.804439489,0.008879032,0.047340433
Os07g0672300,1.31040036,0.008875805,0.047340433
Os10g0122600,0.752133066,0.008879299,0.047340433
Os10g0507600,0.579762194,0.008879449,0.047340433
Os01g0674700,0.426761559,0.008849777,0.047221541
Os04g0629000,0.409933395,0.008833946,0.047146885
Os02g0784100,2.783513075,0.008827632,0.047123005
Os02g0191000,-1.337881867,0.008825188,0.047119772
Os06g0670000,-0.486071396,0.008819686,0.047100209
Os06g0132400,1.074198991,0.008808666,0.047051166
Os10g0575900,1.846783905,0.00880144,0.047022374
Os03g0386500,-0.547475599,0.008799111,0.047019731
Os03g0281300,-1.415247929,0.008793557,0.046999855
Os04g0568900,-0.382924173,0.008792065,0.046999855
Os06g0696566,-0.60541517,0.008784079,0.046968794
Os05g0593300,-0.391815443,0.008770805,0.046907603
Os03g0610650,-0.394973599,0.008763748,0.04687965
Os12g0108600,1.547965984,0.008740242,0.046763673
Os10g0517400,1.088356508,0.008731043,0.046724208
Os01g0338150,-0.677283248,0.008721276,0.046681693
Os01g0705100,-1.495172499,0.008709304,0.046627351
Os01g0218800,-0.484726856,0.008699203,0.046583006
Os07g0159600,-1.019876425,0.008694519,0.046567653
Os12g0115050,-0.72181918,0.008683932,0.046520674
Os03g0690600,-0.476754196,0.008677302,0.046496366
Os05g0393700,0.407907163,0.00867758,0.046496366
Os09g0471100,1.058537484,0.008652826,0.04638313
Os01g0840700,0.561538806,0.008640148,0.04632486
Os02g0739900,0.8584144,0.008635861,0.046311565
Os08g0451700,-0.423935345,0.008612641,0.046196716
Os09g0462301,-0.721461704,0.008587002,0.046068833
Os07g0484300,-0.370468764,0.008557783,0.045921691
Os01g0261100,-0.360683758,0.008553795,0.045909906
Os03g0388800,-1.242941062,0.00854466,0.045870482
Os02g0192001,3.334476551,0.008542419,0.045868063
Os04g0413900,-0.670632665,0.008540912,0.045868063
Os03g0342900,-0.481048409,0.008534559,0.045845075
Os05g0579900,0.420652348,0.008530822,0.045834609
Os05g0548400,2.423598392,0.008527638,0.04582711
Os02g0595300,-0.854006753,0.008525553,0.04582552
Os04g0654500,-1.250696054,0.008515578,0.045781505
Os03g0138100,-0.444679109,0.008491008,0.045658994
Os09g0381300,0.642030707,0.008489608,0.045658994
Os06g0573500,-1.502461854,0.008486291,0.04565279
Os01g0186700,0.358141267,0.00847607,0.04560738
Os02g0100100,1.087790028,0.008473116,0.045601059
Os06g0643700,-0.600014115,0.008457588,0.045527054
Os10g0190500,-0.682422807,0.008447,0.045479615
Os01g0525350,1.159363346,0.008435064,0.045428043
Os07g0242400,0.861997318,0.008435649,0.045428043
Os11g0607200,0.738644473,0.008433914,0.045428043
Os11g0646450,-5.035358147,0.008435437,0.045428043
Os01g0225600,-2.330486415,0.008412763,0.045342916
Os12g0207300,0.466726285,0.008398961,0.045278051
Os10g0178000,-4.489579396,0.008396388,0.045273703
Os09g0553900,-0.745380346,0.008389356,0.045245308
Os02g0669700,0.786299577,0.008385633,0.045234751
Os03g0174800,-0.584059992,0.00837599,0.045192251
Os08g0430500,0.44354526,0.008374913,0.045192251
Os03g0796400,-0.875659371,0.008347331,0.045056596
Os06g0308100,-0.471845495,0.00832708,0.044956757
Os09g0538700,0.742118037,0.008322493,0.044941461
Os02g0167700,0.410763294,0.008320485,0.04494009
Os02g0276500,-0.377027922,0.008319479,0.04494009
Os03g0357400,-0.528654737,0.008308992,0.044896942
Os10g0542900,0.483670025,0.008304643,0.044882909
Os06g0177600,-0.98954017,0.0083022,0.044879173
Os06g0698400,-1.339625373,0.008294326,0.04484607
Os03g0111400,-0.437777445,0.008286181,0.044811487
Os05g0463800,-0.355095717,0.008278301,0.044778322
Os12g0194800,0.534080237,0.008278232,0.044778322
Os01g0166400,1.237372609,0.008271979,0.044763025
Os03g0333601,-0.650793956,0.00826849,0.044763025
Os03g0861700,0.655903516,0.008271554,0.044763025
Os06g0636700,1.374861749,0.00827144,0.044763025
Os06g0723650,-0.804702363,0.008265058,0.044763025
Os06g0317200,-0.758166057,0.008257354,0.044731114
Os03g0728100,-0.588416879,0.008234066,0.044614396
Os02g0655800,0.617008908,0.008229188,0.044597395
Os04g0508200,0.419375244,0.00822331,0.044574968
Os01g0658400,0.591518773,0.008213932,0.044533556
Os08g0556200,0.545626878,0.008206269,0.044501425
Os04g0546500,-0.399180915,0.008203566,0.044498675
Os06g0680500,0.823836321,0.008204025,0.044498675
Os05g0499400,1.30936186,0.008190066,0.044441777
Os08g0439100,0.398313684,0.008188109,0.044441777
Os09g0571100,-2.483439598,0.008190017,0.044441777
Os07g0600700,0.699896001,0.008172179,0.044372908
Os01g0200400,0.688191101,0.008161922,0.044326608
Os08g0260400,2.52927753,0.008156609,0.044307141
Os01g0624500,-0.330449818,0.00815018,0.044281608
Os03g0227400,3.041666879,0.008147236,0.044275003
Os01g0372100,-0.553505979,0.008144944,0.044271935
Os10g0419700,-3.164193159,0.00813968,0.044252712
Os03g0768900,2.132864396,0.008131853,0.044226657
Os02g0281200,0.772059032,0.008130166,0.044226657
Os08g0397800,0.8207145,0.008133162,0.044226657
Os02g0318500,4.725200745,0.008121334,0.044190471
Os05g0299101,-1.27307518,0.008117874,0.044181027
Os09g0539500,0.489308858,0.008117384,0.044181027
Os01g0509900,1.329125454,0.008113186,0.044174283
Os04g0583332,-1.481681982,0.00810342,0.044130482
Os12g0120100,0.959506512,0.008097347,0.044106787
Os08g0520300,0.369535324,0.008088191,0.044066281
Os04g0649500,4.794439639,0.008085,0.044058264
Os08g0189600,0.978455373,0.008079667,0.044038569
Os06g0489900,-3.695165268,0.008076569,0.044031048
Os10g0140700,1.830733765,0.008074413,0.044028664
Os05g0435400,-0.583549568,0.008070989,0.044019357
Os04g0630800,0.513939454,0.008067032,0.044018247
Os05g0528500,-1.284903917,0.008067814,0.044018247
Os08g0105100,-0.606502569,0.008069067,0.044018247
Os11g0512000,-0.443224196,0.008053004,0.043958694
Os08g0560900,0.471427577,0.008051553,0.043958694
Os08g0344600,0.424704695,0.008049134,0.043956298
Os04g0619300,0.532047426,0.008042859,0.043931396
Os03g0405000,0.553315814,0.008038933,0.043919313
Os02g0255500,0.664917382,0.00803239,0.043892924
Os04g0691600,0.823931658,0.008027995,0.043878268
Os04g0689400,0.538402996,0.008023231,0.043861585
Os03g0214200,-0.418775898,0.008017177,0.043837844
Os01g0895600,-0.37789953,0.008014872,0.043834593
Os01g0292900,-0.480991038,0.008006689,0.043799189
Os02g0653200,3.692404257,0.008000791,0.043776268
Os02g0465900,-0.490029232,0.007993578,0.043746147
Os03g0232400,-0.72272612,0.007987616,0.043724797
Os05g0358200,1.717677579,0.007987971,0.043724797
Os04g0623100,0.396467736,0.007982378,0.043712858
Os09g0423400,-0.92946653,0.007977257,0.043694152
Os07g0454400,-0.499408292,0.007968684,0.043656528
Os06g0652300,-1.592111781,0.007965946,0.043650861
Os10g0124500,2.564196226,0.007954961,0.043599995
Os01g0180000,0.385611379,0.007952978,0.043598453
Os03g0354500,-1.016326172,0.007950598,0.043598453
Os07g0636000,0.530770908,0.007952855,0.043598453
Os07g0664500,3.902211972,0.00794991,0.043598453
Os08g0269500,0.943850635,0.007952976,0.043598453
Os01g0959900,0.703462647,0.007935747,0.043550576
Os03g0784850,4.737497792,0.007930719,0.043532307
Os06g0253350,-1.028579124,0.00793063,0.043532307
Os07g0552800,1.006678626,0.007930541,0.043532307
Os11g0119900,-0.664212192,0.007923665,0.04352156
Os03g0780400,0.36159619,0.00790701,0.043439389
Os05g0125500,-0.480614081,0.007906295,0.043439389
Os04g0170500,-4.562152044,0.007896108,0.043398109
Os03g0107300,-4.558243816,0.007893562,0.04339342
Os04g0430400,1.404701888,0.007892898,0.04339342
Os08g0525600,-0.349180383,0.007889496,0.043389689
Os03g0103800,-0.545372542,0.007887214,0.043386451
Os08g0406500,4.926415072,0.007886153,0.043386451
Os09g0470000,0.909502337,0.007883454,0.043384394
Os01g0546500,0.651144957,0.007880723,0.043378681
Os02g0230875,4.724939718,0.007872402,0.043342188
Os07g0674100,0.702223382,0.007870357,0.043340244
Os12g0169400,-0.507283381,0.007858839,0.04328612
Os12g0447466,1.066594598,0.007856967,0.043285111
Os10g0418000,1.067223398,0.007846095,0.043234514
Os03g0285300,1.426316902,0.007843768,0.043232565
Os03g0696300,-0.402631935,0.007844054,0.043232565
Os11g0588100,-5.329601091,0.007843559,0.043232565
Os04g0445900,1.845188355,0.007837403,0.043223801
Os12g0129400,0.450893201,0.007832118,0.043203951
Os12g0139700,1.664542468,0.007823944,0.043168157
Os03g0432900,-0.40148517,0.007803946,0.043068295
Os08g0447900,-1.412146586,0.007804164,0.043068295
Os06g0721900,-0.805660749,0.007790225,0.043009899
Os08g0106300,-2.184033332,0.00778986,0.043009899
Os07g0568200,0.439755156,0.007781912,0.042982526
Os07g0408100,0.432226131,0.007778251,0.042971569
Os01g0212700,1.371286309,0.007773282,0.042953374
Os05g0186300,0.749640325,0.007751472,0.0428421
Os06g0641500,1.867616817,0.007747019,0.042826723
Os06g0661766,-0.429147772,0.007738248,0.042787469
Os04g0382900,2.194305601,0.007735678,0.042782492
Os08g0128000,0.71374547,0.007724434,0.04272953
Os01g0306800,0.719735602,0.007722286,0.042726869
Os06g0702700,0.547687892,0.007717302,0.042708518
Os09g0572700,-0.633578824,0.007659028,0.042395177
Os03g0767600,2.13070624,0.007653238,0.042372282
Os04g0472400,-0.509691964,0.007644923,0.042335392
Os11g0148500,0.373762657,0.007643717,0.042335392
Os02g0539600,0.50603651,0.007633646,0.042291224
Os05g0300700,0.512028232,0.00762996,0.042279945
Os02g0218700,-2.324048198,0.00761385,0.0421998
Os03g0165300,1.966488205,0.007602293,0.042144861
Os03g0847900,0.970570732,0.007592495,0.042099651
Os07g0557500,0.437470213,0.00758579,0.042071577
Os01g0267100,-0.423547563,0.007578115,0.042038113
Os03g0668400,-0.713674438,0.007555777,0.041923275
Os03g0792900,0.378827378,0.007552764,0.04191563
Os06g0613200,0.750806608,0.007546492,0.041889895
Os06g0191800,4.265358724,0.007544377,0.041887233
Os03g0250000,-0.520472739,0.007537637,0.041859142
Os04g0619200,0.627205959,0.007535722,0.041859142
Os07g0548800,0.51606787,0.007537684,0.041859142
Os09g0286400,-0.363161316,0.007530087,0.041844159
Os03g0243800,0.754364315,0.007519178,0.041792605
Os03g0639400,3.747934436,0.007508214,0.041740715
Os10g0532300,-0.5384084,0.007503306,0.041722485
Os02g0677300,-5.166764443,0.007499472,0.041710219
Os09g0504700,-0.367671791,0.007495528,0.041697335
Os06g0606700,1.046519605,0.007492388,0.041688917
Os01g0375100,-0.392311011,0.007481163,0.041639089
Os11g0129700,1.184785862,0.007481808,0.041639089
Os11g0697001,1.025565401,0.007469287,0.041587472
Os02g0814200,1.509835621,0.007464892,0.041572031
Os01g0871300,0.368930014,0.007461087,0.041562017
Os04g0543500,-0.413976892,0.007461471,0.041562017
Os12g0603300,-5.135546037,0.007461392,0.041562017
Os09g0552300,-0.593292841,0.007459702,0.041562017
Os07g0162600,-1.130854031,0.00744541,0.041510322
Os11g0444700,-0.524358849,0.007445711,0.041510322
Os08g0558000,0.431462799,0.007437212,0.041480995
Os02g0274100,-0.360283037,0.007433752,0.041470725
Os05g0214900,0.662805658,0.007433584,0.041470725
Os05g0500500,-0.535999606,0.007433483,0.041470725
Os08g0417000,0.711410185,0.007433414,0.041470725
Os01g0866800,-0.39737902,0.007421058,0.041435993
Os07g0566200,-0.385333047,0.007417298,0.041424027
Os11g0498400,-0.432757871,0.007415497,0.041422993
Os02g0258000,-1.492781165,0.007412109,0.0414187
Os11g0162700,0.645090531,0.007413112,0.0414187
Os08g0480800,-0.498008176,0.007412652,0.0414187
Os11g0444900,-1.502311009,0.007397272,0.041357254
Os06g0683950,0.894769867,0.00738733,0.041310684
Os01g0328600,0.525845473,0.007385633,0.041310213
Os03g0795000,-0.754623666,0.007382734,0.041303012
Os01g0775400,0.809240025,0.007378245,0.041295137
Os04g0581700,2.117048541,0.007379715,0.041295137
Os03g0829100,-0.446369883,0.007359527,0.041200167
Os06g0665500,0.373555057,0.007357541,0.041200167
Os10g0548400,-0.716410893,0.007357952,0.041200167
Os06g0286700,2.353224413,0.00734179,0.041127831
Os06g0708700,-0.416916987,0.007340759,0.041127831
Os01g0254200,0.462946373,0.007337599,0.041122332
Os02g0196000,0.482757501,0.007328508,0.041087682
Os08g0198700,-2.018110756,0.007329813,0.041087682
Os02g0236600,1.635849806,0.007319691,0.04105632
Os07g0277200,1.640683017,0.007321013,0.04105632
Os10g0511900,-0.444289104,0.007309359,0.041008912
Os01g0777200,-0.570144416,0.007278003,0.040841935
Os04g0179200,1.461104679,0.007272403,0.040819447
Os01g0881300,-0.47717479,0.007267044,0.040798307
Os10g0481300,2.389142979,0.007260687,0.040771548
Os05g0588800,-0.600431405,0.007253622,0.040740805
Os02g0507600,-0.968335067,0.007251482,0.040737719
Os08g0191600,-0.405762703,0.007241922,0.04069293
Os09g0394500,0.476495948,0.007234967,0.040662766
Os02g0613000,-0.775574793,0.007217514,0.040573574
Os04g0111200,0.865998755,0.007212108,0.040560187
Os09g0378300,0.410030462,0.007213549,0.040560187
Os01g0708350,-0.554504431,0.00720991,0.040557523
Os02g0703600,-2.700140738,0.007199622,0.040508544
Os09g0340500,-5.330895277,0.007197565,0.040505867
Os02g0780700,-0.46936213,0.007183731,0.040436893
Os11g0275500,0.621114545,0.0071722,0.040380857
Os01g0232400,-0.369063942,0.00716885,0.040370864
Os03g0233000,-1.655479513,0.007162747,0.040345366
Os04g0457800,0.459944429,0.007160892,0.040343787
Os01g0133832,-1.013303251,0.007155664,0.040323199
Os02g0572900,-0.465145595,0.007153384,0.040319218
Os02g0481700,-0.434998581,0.007151213,0.04031585
Os12g0580700,-0.459042873,0.007138602,0.040253608
Os03g0811500,-0.455063193,0.007132115,0.04022588
Os12g0548300,0.585020828,0.007120344,0.040168335
Os06g0181100,-0.7295251,0.007118747,0.040168171
Os12g0630100,1.642623052,0.007107733,0.040114853
Os02g0617100,2.017213939,0.007104377,0.040104745
Os04g0476650,-1.1757383,0.007102293,0.040101818
Os01g0574500,-0.443749771,0.007082552,0.040009703
Os04g0615800,-1.662333933,0.007084417,0.040009703
Os12g0592900,-1.129033507,0.007084239,0.040009703
Os01g0726400,-0.789921864,0.007076473,0.039991282
Os09g0298700,-0.572702264,0.007076223,0.039991282
Os08g0187500,0.583607789,0.007064987,0.03994399
Os08g0282700,-0.844539209,0.00706411,0.03994399
Os11g0491400,-0.562499669,0.007051221,0.039883761
Os10g0563200,-0.593725346,0.007050232,0.039883761
Os04g0523812,-1.024907868,0.007047001,0.039877499
Os07g0172600,-0.645866576,0.00704322,0.039864905
Os01g0119800,-0.897861149,0.007034685,0.039825394
Os01g0322700,2.971821035,0.007032513,0.039821896
Os05g0160800,4.26295701,0.007021993,0.039771116
Os05g0564200,-0.348659539,0.007021549,0.039771116
Os07g0571500,-1.116780671,0.007016015,0.039754834
Os02g0224100,0.943485618,0.007013145,0.039749657
Os04g0288500,3.734576358,0.00701355,0.039749657
Os07g0134000,1.158667629,0.0070048,0.039717636
Os05g0322900,1.36350088,0.006999573,0.039696781
Os03g0708000,0.517855536,0.006992252,0.039664039
Os02g0177500,0.468272687,0.006983967,0.039625818
Os05g0165800,-0.897475632,0.006972455,0.03956926
Os02g0198600,0.373207048,0.006970608,0.03956754
Os01g0806101,-4.585486613,0.00696521,0.039545661
Os01g0837000,-0.691523902,0.006944301,0.039435686
Os01g0851600,-0.769856397,0.006938447,0.039411176
Os02g0781700,-0.389809164,0.006932593,0.03938666
Os04g0635700,-0.874645661,0.00693254,0.03938666
Os05g0116000,0.419496949,0.006925762,0.039365304
Os07g0606400,-1.673920569,0.006913627,0.039305052
Os10g0503700,-0.420792602,0.006909549,0.039297922
Os10g0563900,3.041874935,0.006910839,0.039297922
Os09g0122500,1.475429849,0.006909336,0.039297922
Os09g0505700,-0.348466279,0.006905279,0.039292465
Os10g0339400,-0.41457825,0.00690171,0.039280877
Os07g0520600,0.723462618,0.006897691,0.039266725
Os10g0568200,-0.945581432,0.006891445,0.039239887
Os06g0663900,1.517750489,0.00688336,0.039202561
Os05g0437100,-1.061615111,0.006879908,0.039191615
Os04g0482800,0.465568035,0.006873184,0.039162015
Os04g0629500,-0.43627753,0.006872126,0.039162015
Os01g0967600,0.550927425,0.006867295,0.039145871
Os02g0567100,0.783990926,0.006864627,0.039139373
Os10g0546600,0.587258062,0.006864576,0.039139373
Os03g0424800,0.462529006,0.006856475,0.039126003
Os02g0534400,0.603921785,0.00685821,0.039126003
Os05g0583400,0.580849745,0.006859228,0.039126003
Os05g0541700,-0.567062847,0.006844697,0.039069206
Os03g0355600,0.35525137,0.00683532,0.039024379
Os02g0113300,-0.51143666,0.006832816,0.039018778
Os07g0530600,-1.227160621,0.006828641,0.039003626
Os03g0772900,2.105490514,0.006822121,0.038975073
Os08g0556400,1.316827971,0.006820961,0.038975073
Os01g0675800,-0.832947928,0.006809803,0.03892214
Os03g0747800,0.494208262,0.006808766,0.03892214
Os04g0224900,-0.441047697,0.006809818,0.03892214
Os10g0482900,-0.796998036,0.006801752,0.038902074
Os07g0240200,-2.502037183,0.006796937,0.038883216
Os02g0467600,0.837805563,0.006777243,0.038779211
Os10g0578800,1.364048656,0.006775206,0.038776215
Os02g0254700,-0.381936349,0.006773112,0.038772888
Os04g0598200,0.537667203,0.006763141,0.038726745
Os06g0713900,-0.429934486,0.00676354,0.038726745
Os03g0261100,0.911670739,0.00676035,0.038725787
Os03g0228200,-0.75793739,0.006757141,0.038716058
Os06g0111600,-0.683484149,0.006745799,0.038659722
Os01g0228500,-0.488402247,0.006736726,0.038616363
Os06g0130100,0.850238346,0.006727002,0.038569248
Os04g0649700,-0.488506192,0.006724875,0.038565683
Os03g0302100,-2.152312783,0.006716946,0.038536786
Os03g0805500,0.507858931,0.006718332,0.038536786
Os04g0578400,-0.634283273,0.006717914,0.038536786
Os10g0102900,-0.519052946,0.00671005,0.038515147
Os01g0612350,0.450899239,0.006701296,0.038473517
Os02g0324300,-0.416771777,0.006693805,0.038439121
Os02g0319100,0.417860884,0.006689776,0.038424596
Os04g0499100,0.762674294,0.006654796,0.03823225
Os01g0655400,-0.387579499,0.006650791,0.038217813
Os04g0568700,-0.828884038,0.006635842,0.03814046
Os02g0188000,-0.514370977,0.006629514,0.03811264
Os01g0649100,0.420752992,0.006624818,0.038094187
Os02g0122400,0.560113651,0.00660953,0.038014814
Os09g0309100,-0.469349929,0.006599979,0.037968401
Os04g0567800,0.71457259,0.006584415,0.037887371
Os01g0783600,-0.670376335,0.006572699,0.037828452
Os10g0364900,-0.91587223,0.006559982,0.037763745
Os12g0180400,-0.441573123,0.0065459,0.037691146
Os10g0475100,0.715663442,0.006531505,0.037616711
Os01g0726100,2.553561849,0.006528536,0.037614044
Os02g0796700,-0.438465143,0.00652683,0.037614044
Os10g0431000,-0.361251586,0.006529574,0.037614044
Os01g0502700,1.382644701,0.006493485,0.037431399
Os01g0812200,-0.491001038,0.006490817,0.037424441
Os12g0586600,0.425077653,0.006487605,0.037414335
Os05g0278500,1.292869355,0.006469766,0.03731986
Os08g0209000,0.471193048,0.006469406,0.03731986
Os06g0720100,-0.540521911,0.00645403,0.037245861
Os03g0279400,0.601446875,0.006438891,0.037166866
Os02g0602100,-0.452828267,0.006435359,0.037154848
Os04g0488600,0.679026525,0.006434788,0.037154848
Os01g0663500,0.510725237,0.006429425,0.037150387
Os01g0699100,-1.01116404,0.006429276,0.037150387
Os03g0804700,-0.553749248,0.006431687,0.037150387
Os02g0139900,-1.175196744,0.006426765,0.037150387
Os02g0321900,0.622111991,0.006430401,0.037150387
Os10g0198333,-0.606657999,0.006429961,0.037150387
Os07g0556300,0.537886763,0.006402421,0.037031427
Os08g0127500,0.936988358,0.006377834,0.03689755
Os10g0130800,1.234199449,0.006376565,0.03689755
Os07g0202300,0.533217935,0.006371244,0.036876073
Os07g0168700,-1.28848137,0.006365433,0.036850764
Os06g0614100,0.835040308,0.006359221,0.036823123
Os06g0705100,0.74337286,0.006348058,0.036766792
Os01g0279200,-0.391566708,0.006340813,0.036733131
Os03g0127600,0.858363592,0.006339364,0.036733047
Os01g0897800,-0.41211949,0.006333726,0.036708676
Os11g0512100,0.744863184,0.006327644,0.036681727
Os05g0348700,-1.426549196,0.006320855,0.036653469
Os12g0635500,-0.795598666,0.006321339,0.036653469
Os06g0686600,0.963969451,0.0063127,0.036619947
Os04g0514800,0.662922447,0.006295932,0.036536408
Os11g0210100,1.924402412,0.006296873,0.036536408
Os01g0570700,0.457221707,0.006291358,0.036520948
Os01g0332500,2.175673472,0.006282173,0.036481576
Os09g0445600,-1.387158815,0.006283152,0.036481576
Os03g0271600,-0.497075967,0.006261705,0.036373538
Os01g0550600,1.855886928,0.006259963,0.036371663
Os01g0748300,-1.445091031,0.006256972,0.036362532
Os05g0526900,-1.204717956,0.006255233,0.036360668
Os06g0184300,0.348508,0.006253589,0.036359365
Os03g0133900,-0.362979443,0.006250441,0.036349308
Os09g0425400,-1.445789001,0.0062353,0.036269486
Os01g0187900,-0.465370756,0.006221704,0.036198619
Os01g0846300,-0.601640428,0.006202719,0.036096358
Os05g0350500,0.412679212,0.006198699,0.036081157
Os08g0374000,-0.574800968,0.006198341,0.036081157
Os04g0529500,0.457266044,0.006195697,0.03608008
Os10g0569100,4.794947521,0.006176172,0.035974549
Os12g0113600,-1.357963953,0.006169833,0.035945798
Os10g0548200,-0.458745036,0.006158121,0.035885724
Os04g0526600,-0.457884618,0.006152571,0.035861538
Os02g0658400,-0.741360288,0.006143264,0.035815436
Os03g0127700,1.249518279,0.006141483,0.035813207
Os11g0596000,-0.879520993,0.006139391,0.035809156
Os07g0585700,-0.44208287,0.006136045,0.035797788
Os05g0319700,2.058133945,0.006132397,0.035784651
Os06g0663000,1.579891944,0.006116214,0.035700546
Os08g0393700,4.361981415,0.00611659,0.035700546
Os01g0880800,1.728116188,0.006106913,0.035661922
Os08g0553800,0.680217958,0.006107189,0.035661922
Os01g0191900,0.657888721,0.006102649,0.035651659
Os05g0543100,1.429199183,0.006099979,0.035644189
Os10g0323500,-0.640986983,0.006098691,0.035644189
Os05g0178400,0.466276277,0.006095693,0.0356417
Os08g0506400,0.665009358,0.006096771,0.0356417
Os05g0162600,0.712559454,0.006087814,0.035605585
Os09g0345300,1.505224029,0.006083323,0.035587438
Os12g0601400,1.012258714,0.006080881,0.035581279
Os01g0152951,-1.135518847,0.006060628,0.035470873
Os02g0548100,0.687805479,0.00605874,0.03546792
Os03g0855100,-4.571792848,0.006056129,0.035460737
Os10g0113000,3.90747156,0.006053806,0.035455239
Os08g0458200,-0.629442226,0.006045747,0.035416133
Os03g0306100,-2.250693512,0.006032024,0.035343828
Os09g0364400,-1.10894872,0.006028109,0.035328967
Os03g0741700,-0.5656506,0.0060261,0.035325272
Os11g0241900,-0.410763182,0.006023278,0.035316811
Os02g0617800,1.185351836,0.006013722,0.03526885
Os05g0395300,-0.350771193,0.006000608,0.035199993
Os05g0418600,-3.14439259,0.006000429,0.035199993
Os01g0294700,4.921208153,0.005985857,0.035129553
Os02g0733200,-0.770289194,0.005975589,0.035077326
ENSRNA049471602,-0.814196824,0.005973989,0.035075964
Os01g0342750,-0.832572006,0.005965349,0.035033268
Os05g0459400,1.872509037,0.005963169,0.035028491
Os08g0116900,0.541895742,0.005957694,0.035004353
Os07g0616000,0.482269788,0.005939921,0.034907934
Os10g0524300,-0.728298553,0.005932057,0.034869715
Os06g0625900,0.408456265,0.005924636,0.034834089
Os01g0747700,0.689656031,0.005917699,0.034801286
Os10g0469900,0.638108787,0.005905461,0.034737286
Os01g0805600,1.382537137,0.00589007,0.034655575
Os02g0784400,-1.015110852,0.005890217,0.034655575
Os06g0158900,-0.816294788,0.005881147,0.034618108
Os11g0539500,5.005259076,0.005867671,0.034546725
Os07g0583500,3.402855187,0.005857606,0.034495387
Os10g0390900,0.599053639,0.005849418,0.034455088
Os11g0296800,-0.372421191,0.005845788,0.034441627
Os02g0186200,-0.422227598,0.005838487,0.034406521
Os04g0116900,1.35828158,0.005826608,0.034359097
Os04g0350700,-0.825911268,0.005828265,0.034359097
Os04g0566400,0.358583248,0.005829099,0.034359097
Os08g0490000,-0.467848116,0.005828072,0.034359097
Os01g0560000,0.364847125,0.005817156,0.034320284
Os01g0731600,-1.806464865,0.005809946,0.03429038
Os12g0109200,0.848186948,0.005810749,0.03429038
Os01g0136300,1.560427548,0.005804859,0.034271409
Os05g0540200,-0.615940668,0.005794932,0.034220681
Os10g0346200,0.508182805,0.005786034,0.034176016
Os03g0574900,-0.693924787,0.005781494,0.034161411
Os04g0474900,0.768121329,0.005782228,0.034161411
Os06g0639100,-0.380011718,0.005776886,0.034145595
Os07g0551600,-1.571753575,0.005775066,0.034142714
Os07g0191200,0.523182154,0.005772453,0.03413514
Os03g0108600,-0.480614632,0.005766917,0.034110275
Os10g0537300,-0.383984924,0.005750967,0.034023788
Os02g0711300,-1.731629884,0.005741778,0.033982469
Os11g0638700,3.129433957,0.005742657,0.033982469
Os04g0530300,-0.476742691,0.005722843,0.033880867
Os02g0680500,1.495799017,0.005714373,0.033838546
Os09g0520800,1.084754011,0.005699398,0.03375767
Os04g0491700,-0.475914624,0.005695316,0.033741291
Os09g0367900,1.090205502,0.005683508,0.033679123
Os03g0194500,0.922304586,0.005677216,0.033649622
Os10g0147250,2.553627034,0.005676432,0.033649622
Os12g0572400,-0.5449876,0.005671136,0.033629143
Os10g0503500,0.376292754,0.005665063,0.033600907
Os03g0848200,-0.864305129,0.005652712,0.033541651
Os09g0436700,-0.438807342,0.005653764,0.033541651
Os02g0644900,-3.501213695,0.005649516,0.033531978
Os01g0819466,0.438391368,0.005647384,0.033527089
Os08g0191150,-0.351204529,0.005637943,0.033478796
Os10g0127900,-0.577219948,0.005636301,0.033478796
Os09g0486500,-0.469993971,0.005637348,0.033478796
Os02g0192700,0.927179656,0.005630719,0.033463495
Os12g0514300,-0.693370757,0.005631448,0.033463495
Os01g0819100,0.743980662,0.00562111,0.033422511
Os05g0588225,4.950772758,0.005621942,0.033422511
Os02g0614732,1.377037583,0.005614134,0.033391588
Os03g0411800,1.17429475,0.005608195,0.033364006
Os03g0764100,-0.649159894,0.005606983,0.033364006
Os04g0660500,0.455756448,0.005605435,0.033363079
Os01g0527400,-0.459911135,0.005596643,0.033318493
Os04g0405800,-0.404156219,0.005583335,0.033246988
Os06g0265100,-0.776015261,0.005571728,0.033185586
Os10g0207400,-0.708364955,0.005561715,0.03313365
Os07g0507200,1.162397262,0.005560207,0.03313237
Os07g0580500,1.159490959,0.005555708,0.03311326
Os11g0546500,0.692332303,0.005553352,0.03310692
Os06g0130000,-0.460331027,0.005548996,0.033088649
Os01g0300600,0.42652069,0.005545092,0.033073065
Os06g0496800,0.561523812,0.00554118,0.03305743
Os01g0548600,-0.72534461,0.005538691,0.033050276
Os02g0134700,2.200607076,0.005535597,0.033039505
Os01g0547133,1.381679433,0.005532036,0.033025946
Os01g0753500,0.495462755,0.005527027,0.033003733
Os03g0749500,-0.597656191,0.005509991,0.032909675
Os11g0141000,-0.476057989,0.005506354,0.032895618
Os05g0509500,-0.543467253,0.005499473,0.032862171
Os10g0148100,1.978906522,0.005493162,0.032832116
Os08g0171700,1.566426641,0.005466784,0.032682082
Os02g0739600,0.439254044,0.005442206,0.032542744
Os12g0615500,0.459085348,0.00543525,0.032508735
Os09g0452200,1.501568556,0.005434014,0.032508735
Os08g0387200,-0.7847096,0.005422767,0.032449222
Os05g0569300,-0.430321717,0.00541567,0.032414321
Os03g0595200,0.614755081,0.005409744,0.032386421
Os01g0142500,0.433214138,0.005401788,0.032352746
Os04g0414500,-1.519457765,0.005402857,0.032352746
Os11g0142300,-3.660994456,0.005384498,0.032257887
Os01g0566900,0.413413461,0.005382147,0.032251348
Os07g0645300,3.819951877,0.005379104,0.032240649
Os09g0516200,0.462412652,0.0053738,0.032216396
Os07g0588700,-1.077342129,0.005356186,0.032118316
Os07g0655400,0.525556396,0.005343962,0.032052513
Os01g0159400,-0.368949701,0.005331569,0.031985669
Os10g0320400,0.365218265,0.005328881,0.031977029
Os03g0733200,-2.556758334,0.005306058,0.031847537
Os07g0242000,-0.713166233,0.005300444,0.03182129
Os04g0244500,0.634690523,0.005290517,0.031771449
Os05g0297400,-2.585565773,0.005290902,0.031771449
Os03g0701100,-0.423456452,0.005278563,0.031719537
Os02g0829500,0.469082209,0.005279781,0.031719537
Os01g0256800,0.704400768,0.00527337,0.031705956
Os03g0639800,0.670826218,0.005275045,0.031705956
Os04g0519700,1.234918213,0.00527489,0.031705956
Os07g0490500,0.76235838,0.005267158,0.031685864
Os08g0414200,4.435320078,0.005267993,0.031685864
Os01g0911700,-0.511930843,0.00525749,0.031637547
Os03g0292100,-0.549717851,0.005242538,0.031554981
Os03g0253600,1.366247091,0.005237061,0.031529421
Os03g0411500,0.698622245,0.005236133,0.031529421
Os03g0737000,0.454017369,0.005233833,0.031529421
Os04g0266700,-2.589259047,0.005235338,0.031529421
Os05g0399200,0.949996809,0.005233178,0.031529421
Os12g0257450,-1.971833642,0.005230637,0.031527782
Os02g0515000,0.644876496,0.005225691,0.031505382
Os04g0117300,4.857580045,0.005220654,0.031482421
Os07g0577700,0.372626371,0.005219143,0.03148072
Os09g0500300,1.760431819,0.005197076,0.031355001
Os12g0150500,-1.095429604,0.005180103,0.03125996
Os12g0506100,0.527680462,0.005179489,0.03125996
Os02g0537500,0.732599279,0.005170327,0.031215669
Os04g0461000,1.653696545,0.005163516,0.031181894
Os02g0117400,0.462629637,0.005156712,0.031148147
Os02g0211000,1.302657393,0.00515493,0.031144725
Os04g0622400,2.923213371,0.005146118,0.031098815
Os02g0717800,0.500365828,0.005135602,0.031042585
Os09g0438400,-0.413489658,0.005122488,0.030970628
Os05g0558400,0.379505156,0.00512124,0.030970388
Os09g0469400,-0.573462455,0.005114071,0.030934333
Os06g0562200,2.374697804,0.005110457,0.030919772
Os05g0496200,0.484755939,0.005095877,0.030838841
Os09g0409950,-0.477650277,0.005090707,0.030814834
Os03g0287700,1.052710388,0.005081947,0.030769076
Os02g0814000,-0.490803726,0.00508079,0.030769076
Os04g0676650,1.545172901,0.005080088,0.030769076
Os07g0675400,-4.0441893,0.005077322,0.03076288
Os01g0678500,-0.513785724,0.005070803,0.030730649
Os02g0724000,-0.483968756,0.005069913,0.030730649
Os11g0439300,-4.830075765,0.005067545,0.030725438
Os10g0548700,0.752619229,0.00506612,0.030724067
Os12g0136900,0.689281039,0.005062865,0.030711596
Os03g0668000,-0.58545152,0.005061338,0.030709605
Os03g0281600,-0.452447865,0.005058608,0.030700308
Os04g0668900,-0.708613942,0.005056241,0.030693213
Os06g0139800,-1.26835343,0.005053106,0.030681455
Os08g0450200,1.728957763,0.00504862,0.030661484
Os01g0959800,0.690110347,0.005045083,0.030647267
Os01g0201100,-0.605758294,0.005043521,0.030645043
Os04g0482600,-3.192162534,0.005036425,0.030609183
Os12g0529200,-0.439279608,0.00503348,0.03059854
Os08g0411000,-5.462279175,0.005030367,0.030586874
Os03g0781700,1.082521679,0.005027376,0.030575942
Os05g0268500,-0.400999972,0.005019868,0.030537531
Os05g0574600,-0.942669526,0.005019027,0.030537531
Os03g0201800,-5.454199211,0.005013053,0.030510562
Os05g0595300,0.498946876,0.005010109,0.030499887
Os02g0569900,1.090961209,0.00500393,0.030469512
Os05g0281400,-4.646667808,0.004988984,0.030385725
Os02g0625900,0.69522712,0.00497511,0.030313134
Os07g0659700,-0.620745331,0.004975883,0.030313134
Os02g0572200,-1.05668955,0.004962899,0.030248419
Os03g0426800,0.599301338,0.004958052,0.03022607
Os12g0182600,-0.548138589,0.004953647,0.030206399
Os06g0179200,-0.520740808,0.004949627,0.030189073
Os06g0143900,0.410015493,0.004939215,0.030132741
Os04g0177300,5.089174018,0.004934643,0.030112016
Os03g0390000,0.473901478,0.004932934,0.030108756
Os03g0636600,-0.699163968,0.004929337,0.030093971
Os04g0472600,-0.493768348,0.004927134,0.030087689
Os07g0557400,0.955234685,0.004926425,0.030087689
Os11g0132600,0.504543761,0.004920311,0.030060354
Os04g0378400,-0.547096194,0.004915313,0.03004799
Os06g0284500,1.194831853,0.004916111,0.03004799
Os06g0600301,-0.738136254,0.004917114,0.03004799
Os11g0637300,1.32430924,0.004913679,0.03004799
Os11g0209000,4.572873564,0.004908679,0.030025084
Os01g0281600,1.760389591,0.004898972,0.029972862
Os09g0375000,0.578276714,0.004892738,0.029941874
Os06g0565900,0.527755742,0.004889764,0.029930823
Os01g0770200,-1.430121342,0.004884173,0.029903744
Os04g0418100,4.919078979,0.004881616,0.029895233
Os08g0528000,1.551196144,0.004880092,0.029893042
Os05g0580500,0.598616573,0.00487129,0.029846258
Os01g0704400,0.486139689,0.004839461,0.029658336
Os03g0125900,-0.716106381,0.004830441,0.029616052
Os03g0296800,-0.507469668,0.004831405,0.029616052
Os07g0661600,-0.488083798,0.00483034,0.029616052
Os07g0231800,-0.518705338,0.004827032,0.029610495
Os01g0191100,0.559093365,0.00480517,0.029483446
Os07g0102400,-0.413038146,0.004802259,0.029472641
Os04g0321700,0.708199995,0.004791492,0.029413608
Os02g0741200,1.724404764,0.004781854,0.029361478
Os07g0586700,1.247714821,0.004781343,0.029361478
Os01g0109500,1.177057242,0.004771523,0.029312093
Os01g0202500,-0.6968632,0.004764633,0.029276784
Os11g0587600,0.92813921,0.004751713,0.0292044
Os10g0392400,-0.625255781,0.004748081,0.029189079
Os01g0299400,0.709809972,0.004745653,0.029181154
Os02g0187100,-0.604274732,0.004745571,0.029181154
Os11g0302800,-1.155923073,0.004744919,0.029181154
Os08g0518800,-0.500568231,0.004720599,0.029054508
Os12g0638200,-0.624754511,0.004721655,0.029054508
Os10g0518100,-0.464526301,0.004717899,0.029045348
Os01g0236000,0.889139376,0.004715719,0.029038902
Os06g0200500,-4.787823301,0.00471421,0.029036585
Os10g0138300,1.223500089,0.004707394,0.029001576
Os08g0453200,-0.605923667,0.004701078,0.028969631
Os12g0596600,0.733394509,0.004698752,0.028962262
Os02g0704966,-0.594998554,0.004697206,0.028959701
Os11g0197400,0.601381068,0.004695341,0.028955165
Os07g0589600,-0.765866102,0.004688539,0.028920182
Os04g0510500,-0.492224585,0.004679692,0.028872559
Os04g0648900,-0.505669378,0.004674205,0.028845654
Os04g0663100,0.427528312,0.004668277,0.028816009
Os12g0600400,0.589312422,0.004668101,0.028816009
Os01g0706800,-1.464369162,0.004659564,0.028776096
Os03g0347900,-1.192695529,0.004652069,0.028736733
Os02g0664300,0.463236205,0.004646745,0.028716644
Os06g0714600,-2.502570463,0.004647696,0.028716644
Os01g0223800,-0.916205422,0.004639772,0.028688962
Os01g0708400,-0.515390352,0.004639922,0.028688962
Os03g0852000,1.09841542,0.004640977,0.028688962
Os04g0476500,-0.422612922,0.004635197,0.028673985
Os03g0143800,0.441655623,0.004633324,0.028669321
Os01g0623500,0.608493093,0.004632061,0.028668768
Os08g0475400,0.990364612,0.004632116,0.028668768
Os04g0641000,0.408633473,0.004617155,0.028595232
Os05g0426300,0.487757469,0.004618002,0.028595232
Os12g0268000,-0.720726516,0.004617051,0.028595232
Os04g0486500,1.456728776,0.004610713,0.028570808
Os04g0569100,-0.502883009,0.004594142,0.028475011
Os06g0153000,1.718102135,0.00459114,0.028463292
Os01g0266100,-1.274132127,0.00458796,0.02845046
Os10g0471100,-0.769134923,0.004573192,0.028365747
Os04g0387600,0.634577861,0.004548706,0.028220702
Os03g0247900,-0.569354766,0.004535421,0.028147643
Os03g0389100,-0.712071849,0.004535832,0.028147643
Os02g0586600,0.807179708,0.004527364,0.028108712
Os02g0536400,-0.463087675,0.004523678,0.02809263
Os06g0170500,-0.425763926,0.004519222,0.028071766
Os03g0405400,-5.250276926,0.004513127,0.028044972
Os11g0489250,1.030661811,0.004513814,0.028044972
Os01g0135800,-2.18553721,0.004509799,0.028039189
Os10g0519600,0.885957542,0.004510695,0.028039189
Os03g0565600,-0.508283608,0.004497309,0.027969549
Os02g0767700,0.453101446,0.004490872,0.027936299
Os06g0729300,0.667577691,0.004477344,0.027858911
Os07g0622100,0.51293199,0.004470002,0.027819984
Os05g0513900,0.471285677,0.004468667,0.027818431
Os04g0585700,-0.543333131,0.004458078,0.027759253
Os06g0301000,-0.393110534,0.004456772,0.027757868
Os12g0545400,1.723731366,0.004440324,0.027662148
Os09g0270900,-0.583621743,0.004408058,0.027467816
Os08g0433500,-0.783316258,0.004404998,0.027455425
Os03g0687000,1.003782361,0.004402589,0.027447091
Os10g0186200,5.074671104,0.004385896,0.027349674
Os08g0103300,-0.503514849,0.004378902,0.027312708
Os08g0472000,-0.549644575,0.004370214,0.027265156
Os01g0246500,-0.78444875,0.004367741,0.027256366
Os02g0497500,0.538024953,0.004366984,0.027256366
Os01g0629600,1.821417744,0.004361023,0.027227704
Os10g0550775,-1.266282813,0.004351331,0.027173814
Os01g0374000,1.005417524,0.00434955,0.02716931
Os02g0214400,-1.153395099,0.004338163,0.027104791
Os01g0940000,-0.964013518,0.004334317,0.02708737
Os03g0680200,0.983709185,0.004332206,0.027080779
Os01g0857900,-0.537569167,0.004325488,0.027051462
Os08g0276400,0.523413488,0.00432646,0.027051462
Os11g0497350,-0.737229489,0.004318914,0.027017464
Os08g0198900,0.809746405,0.004317391,0.027014534
Os01g0967100,-0.392313306,0.00431538,0.027008542
Os02g0104700,-0.558298895,0.004310701,0.026985849
Os05g0121800,0.948071885,0.004285374,0.026833855
Os04g0450701,1.209138718,0.004280661,0.026810894
Os05g0429500,0.797285784,0.004275172,0.026783064
Os06g0593100,-0.630481689,0.004273394,0.02677847
Os01g0104500,-0.503741083,0.004262105,0.026714265
Os03g0235900,0.585182571,0.004259404,0.026703867
Os04g0448800,0.629977298,0.004257449,0.026698144
Os04g0462500,0.629354408,0.004253957,0.026682779
Os01g0786900,-0.558291502,0.004250182,0.026665627
Os06g0199200,-0.380296905,0.004248693,0.026662813
Os04g0173300,-1.934256853,0.004246917,0.026658193
Os03g0114100,0.728150314,0.004245036,0.026652919
Os12g0629700,1.434104384,0.004230484,0.026568062
Os02g0668500,-0.594501963,0.004229244,0.026566786
Os10g0573100,0.418500976,0.004225254,0.026548229
Os10g0554200,-1.064613013,0.004216887,0.02650216
Os01g0649900,1.372959805,0.004212127,0.026478734
Os02g0679500,-0.678658276,0.00421066,0.026476009
Os04g0614500,0.785454774,0.004207674,0.026466155
Os10g0492000,0.594313152,0.00420806,0.026466155
Os03g0395900,-0.392852119,0.004195139,0.02639785
Os06g0683100,-1.663883793,0.004195129,0.02639785
Os07g0569600,0.92279867,0.004194773,0.02639785
Os08g0192900,0.682045317,0.00419067,0.02638917
Os03g0688200,-0.408828621,0.00418852,0.026382114
Os03g0749300,-0.703361362,0.004181889,0.026346826
Os09g0283600,2.158020888,0.004179666,0.0263393
Os03g0299900,0.43323977,0.004174871,0.026315553
Os03g0810700,2.587679021,0.004171673,0.026301862
Os04g0477300,0.786628806,0.004171443,0.026301862
Os06g0497200,-1.203597407,0.004170944,0.026301862
Os09g0395600,4.439300041,0.004156789,0.026227384
Os02g0796600,-0.710501161,0.004153155,0.026213156
Os05g0510200,-0.864711533,0.00415338,0.026213156
Os12g0210800,0.782097886,0.004153511,0.026213156
Os03g0333000,-0.545139508,0.004140225,0.026148629
Os11g0629400,0.859143353,0.004140154,0.026148629
Os01g0228600,0.518044686,0.004138182,0.026148619
Os08g0412800,-1.292387001,0.004134103,0.026129288
Os03g0271400,-0.422052896,0.004128548,0.026100612
Os10g0369500,0.812147086,0.004122723,0.026070218
Os02g0604300,0.638419405,0.004109056,0.025990209
Os02g0546600,-1.612858927,0.004102673,0.025956246
Os05g0121100,3.382568817,0.004100049,0.025946049
Os05g0426200,0.379277975,0.004097524,0.025936475
Os05g0158500,1.816461894,0.004093961,0.025920325
Os04g0182800,-0.541048124,0.004085791,0.025874995
Os04g0381700,4.91857514,0.004082119,0.02585813
Os04g0614600,-0.398471359,0.004077022,0.02583223
Os03g0806700,0.819536761,0.004069803,0.025792865
Os01g0579800,0.97594907,0.004063716,0.025760663
Os03g0374901,-2.204040713,0.004063404,0.025760663
Os06g0154400,-0.594091857,0.00406356,0.025760663
Os10g0159800,0.840832648,0.004058229,0.025744985
Os12g0125200,-1.688494137,0.004056974,0.025743399
Os02g0703900,0.670232389,0.00404822,0.025694212
Os10g0340301,-1.380400232,0.004046953,0.025692536
Os04g0649900,0.676255152,0.004037926,0.025641583
Os07g0477000,0.670349821,0.004037925,0.025641583
Os07g0668500,3.935259506,0.004036613,0.025641583
Os08g0107100,-0.52790186,0.004036811,0.025641583
Os12g0104800,0.406528443,0.004034118,0.025641583
Os01g0192000,-0.470873022,0.004023833,0.025593962
Os01g0583900,2.23130431,0.004023344,0.025593962
Os06g0114700,0.491750358,0.004024702,0.025593962
Os06g0136900,-0.575779675,0.004025433,0.025593962
Os11g0160100,-0.58464745,0.004022039,0.025593962
Os03g0788200,0.547878619,0.004013243,0.02555078
Os04g0397000,0.487201517,0.004013655,0.02555078
Os08g0347200,-0.511646519,0.004009386,0.025536289
Os07g0601000,-0.938045412,0.004004004,0.025508354
Os06g0142700,0.580914383,0.004001646,0.025499674
Os02g0597300,-0.584231031,0.003993263,0.025452585
Os02g0265900,-0.358301836,0.003990691,0.025442516
Os01g0923800,1.952857634,0.003989135,0.025438929
Os04g0117100,0.508708585,0.003985123,0.025419668
Os12g0174200,-0.592982066,0.003983901,0.025418203
Os03g0362200,-1.04842004,0.00396477,0.025302442
Os06g0524500,-0.525363247,0.003963163,0.025298484
Os05g0545600,-0.455881725,0.003956894,0.025264766
Os07g0406800,1.067998548,0.003956836,0.025264766
Os03g0231600,-1.098751131,0.003941736,0.025180529
Os04g0229100,2.456314127,0.003939408,0.025171936
Os12g0169700,0.457606027,0.003938159,0.02517023
Os07g0210800,-1.74494547,0.003932668,0.025141404
Os01g0766000,-1.078253858,0.003930916,0.025138618
Os06g0114500,-0.415487023,0.003931251,0.025138618
Os10g0422500,1.710600091,0.003910771,0.025020148
ENSRNA049471772,-0.637098167,0.003908262,0.025010337
Os04g0467100,0.471947548,0.003903915,0.024988761
Os10g0504200,1.323469359,0.003902757,0.02498759
Os04g0162600,1.731313782,0.003899837,0.024975137
Os01g0974500,1.227039128,0.003888552,0.024909094
Os01g0603500,1.311644318,0.003877872,0.02484689
Os04g0679050,-0.995297136,0.003875277,0.024836475
Os02g0557600,-0.429669507,0.00387276,0.024826551
Os09g0132200,4.980784174,0.003864713,0.024781168
Os03g0758400,-0.46661577,0.003862325,0.02477205
Os12g0626300,-0.59420863,0.003855792,0.024736341
Os06g0103700,0.583494161,0.003851116,0.024712535
Os07g0553700,0.630840771,0.003850811,0.024712535
Os09g0388850,0.82619124,0.00385025,0.024712535
Os07g0642900,1.43904236,0.003835305,0.024629579
Os04g0499200,0.815685746,0.003827049,0.024584732
Os08g0540400,0.456977857,0.003827362,0.024584732
Os04g0637000,-0.508202758,0.003818522,0.024540256
Os02g0207300,-1.238926758,0.003813172,0.024512021
Os04g0669100,-0.590903099,0.003808015,0.024485014
Os01g0931200,2.768734319,0.003804579,0.024469059
Os01g0237750,4.471707265,0.003797479,0.024429526
Os03g0180900,-0.737409001,0.003792964,0.024406608
Os11g0672300,0.663037201,0.003785512,0.024364779
Os09g0491596,1.205137028,0.003778885,0.024328235
Os07g0474700,-0.542916978,0.003775628,0.024313373
Os04g0537100,-0.658183598,0.003774099,0.024309639
Os01g0753800,2.615956377,0.003770845,0.024294783
Os04g0509300,0.450567117,0.003769309,0.024290996
Os09g0514300,-0.783003186,0.003766698,0.02428028
Os02g0747400,1.580368672,0.003764795,0.024274116
Os02g0554100,0.715203059,0.003756329,0.024225624
Os03g0609800,0.618704342,0.003752001,0.024203805
Os02g0549700,-0.477268969,0.00374962,0.024194536
Os10g0571300,0.784696167,0.003748395,0.024192724
Os07g0264100,0.694053831,0.003746972,0.024189639
Os06g0142200,0.546067837,0.003743093,0.024170683
Os01g0315600,1.698734859,0.003741075,0.024165996
Os11g0549900,-0.643298329,0.003741424,0.024165996
Os04g0470700,-0.629311678,0.003731879,0.024116502
Os01g0264700,-0.445655525,0.00372936,0.024111813
Os11g0576100,0.805904406,0.003730212,0.024111813
Os11g0216900,-0.456379774,0.003728183,0.024110863
Os10g0182000,0.424501469,0.00372299,0.024083355
Os10g0212100,-0.445679755,0.003707292,0.023987866
Os06g0234600,1.57916061,0.003699248,0.023941859
Os04g0167875,-0.599216561,0.003690516,0.023893344
Os07g0668300,-0.889321572,0.00368972,0.023893344
Os11g0124900,1.569993587,0.003690819,0.023893344
Os08g0558900,0.577627662,0.003690507,0.023893344
Os02g0609500,0.676002155,0.00368571,0.02388441
Os08g0544900,-0.514103676,0.003680388,0.023855952
Os08g0375400,1.868756204,0.003676032,0.023833747
Os01g0138800,-1.635755319,0.003675046,0.023833388
Os07g0479200,0.481781209,0.00367006,0.023807074
Os01g0867700,0.610516833,0.003666182,0.023787944
Os09g0514200,-1.451538055,0.003641772,0.023635541
Os08g0206500,-1.284982458,0.003639947,0.023629681
Os07g0545400,-0.373046207,0.00363871,0.023627643
Os09g0299200,-0.457999808,0.003629864,0.023576175
Os07g0572100,2.027969403,0.003628905,0.023575919
Os05g0325400,0.55172022,0.003619282,0.023519364
Os11g0552000,1.209079085,0.003617488,0.023513674
Os10g0391200,-0.960941146,0.003608922,0.023463943
Os04g0581000,5.144778063,0.003600439,0.02341473
Os05g0241000,0.497752845,0.003598397,0.023407394
Os01g0580500,1.343706248,0.003584118,0.023323139
Os05g0495700,-0.727180962,0.003584534,0.023323139
Os06g0356800,-0.865265243,0.003572743,0.023258232
Os07g0282401,2.715023233,0.003571409,0.023255455
Os06g0524400,-0.436530148,0.003568136,0.023242325
Os05g0110800,-0.487174925,0.003568486,0.023242325
Os11g0346016,-0.482726799,0.003563723,0.02322311
Os09g0393200,-0.448832727,0.003552889,0.023158402
Os01g0761000,0.728829688,0.003544008,0.02310639
Os02g0680400,0.580509542,0.003543684,0.02310639
Os07g0688700,1.820842727,0.003539491,0.023088691
Os02g0605900,1.438365397,0.003537092,0.023078918
Os03g0178500,-0.518594375,0.003529476,0.023035089
Os08g0554100,1.057199884,0.003528963,0.023035089
Os08g0101600,0.685998466,0.003525328,0.023019743
Os06g0178900,0.467661634,0.003513405,0.02294774
Os04g0684100,1.359290487,0.003507038,0.022915545
Os10g0187500,-0.570671915,0.003507582,0.022915545
Os02g0828200,-0.499811834,0.003502079,0.02289127
Os08g0345800,0.514230656,0.003499336,0.022879172
Os05g0269100,-0.485446824,0.003492131,0.022837897
Os01g0535400,-0.735222952,0.003481754,0.022786012
Os03g0325600,-1.456509145,0.003483198,0.022786012
Os11g0565400,-0.453097979,0.003483308,0.022786012
Os05g0331900,-1.289481161,0.003474847,0.022748085
Os04g0306800,-0.452623644,0.003472165,0.022736337
Os07g0220000,-1.309536796,0.00346894,0.022721023
Os03g0754800,-0.570842709,0.003453162,0.022623468
Os09g0417600,-0.79163382,0.003442864,0.022561767
Os12g0568900,3.519298386,0.003439873,0.022547929
Os07g0142000,1.044841268,0.003436795,0.022533522
Os07g0517900,-1.168847377,0.003429592,0.022492046
Os08g0118100,1.418882462,0.003423092,0.022455171
Os01g0589700,0.65027331,0.003416847,0.022419944
Os09g0497100,1.400150738,0.003407939,0.022367217
Os06g0672700,-0.434869368,0.003401324,0.022329524
Os06g0137500,-0.446959709,0.003391497,0.022270717
Os05g0220600,-0.83410889,0.003382808,0.02221935
Os04g0409900,-0.856854311,0.003358745,0.022066952
Os06g0526466,-1.062019712,0.00335295,0.022034532
Os01g0612200,0.47051326,0.003350848,0.022026369
Os03g0837300,0.823975894,0.00334954,0.022023421
Os02g0176000,-0.994765146,0.003349478,0.022023421
Os10g0181600,0.722941537,0.003348406,0.022023421
Os08g0536000,-0.404479137,0.003334589,0.021942007
Os06g0694200,1.341307845,0.003330782,0.021922586
Os05g0541900,0.523249937,0.003324909,0.021889556
Os04g0540600,4.969384488,0.003321363,0.021871828
Os11g0284600,2.996966284,0.003316594,0.021846037
Os01g0215500,2.737812686,0.003315049,0.021841474
Os05g0154700,0.409098259,0.003311965,0.021826771
Os05g0517500,0.608764524,0.003299749,0.021751857
Os06g0351500,2.065931745,0.003291119,0.021700551
Os07g0170300,0.493992593,0.003289366,0.021694574
Os03g0275900,3.970413975,0.003287014,0.021684646
ENSRNA049471778,-0.585211694,0.003279307,0.02163937
Os08g0526400,1.04190447,0.003277463,0.021632776
Os09g0502100,-0.62680526,0.003272608,0.021606293
Os06g0711800,1.082975059,0.003269333,0.021590239
Os08g0104900,-0.594704351,0.003260484,0.021537348
Os08g0110700,-0.545223142,0.003259141,0.021534032
Os01g0656200,-0.611636422,0.003256064,0.021519247
Os01g0128100,4.971071837,0.003254903,0.021517125
Os01g0752700,0.434383426,0.003251194,0.021498151
Os03g0221600,-5.340071266,0.003248629,0.02148674
Os02g0194100,-0.432642131,0.003243289,0.021456956
